applicable,K_x,K_y,D_hat,Q_hat,Q_bc,s_Q,Z,U_D,T0,p_exact,decision,mt_reject,success_x,success_y,max_residual_x,max_residual_y,correct_cardinality,rep,seconds,name,c_h,order,rho,n
False,4,3,,,,,,,,,not_applicable,False,1.0,1.0,7.329092108917656e-07,9.245511564060415e-07,False,0,0.9229493141174316,c2.00_beta6_rho1.00,2.0,6,1.0,800
True,4,4,0.7984937028098732,2.5503687737080885,2.257398765331363,0.8105623505606819,1.5512671720585043,0.9474512108179254,221.99028101481633,1.4620887177069436e-43,inconclusive,True,1.0,1.0,8.351501258215222e-07,9.497661419623283e-07,True,1,0.7978072166442871,c2.00_beta6_rho1.00,2.0,6,1.0,800
False,4,3,,,,,,,,,not_applicable,False,1.0,1.0,9.905164679703557e-07,9.61380674789925e-07,False,2,1.1548991203308105,c2.00_beta6_rho1.00,2.0,6,1.0,800
True,4,4,0.9202820843086134,3.387676458797623,2.9663049530106353,0.9568713153716407,2.054931443155383,1.0653893896864077,250.25872099107352,1.5184093405579062e-49,meaningfully_different,True,1.0,1.0,9.862490101315314e-07,9.999856777092702e-07,True,3,0.9236540794372559,c2.00_beta6_rho1.00,2.0,6,1.0,800
True,4,4,0.8748980534881217,3.0617864159892165,2.8575054096588475,0.5448362239963427,3.4092913206727538,0.9687209671512452,258.6852017219673,2.4797456840488847e-51,meaningfully_different,True,1.0,1.0,7.997824103405277e-07,9.879346170826088e-07,True,4,0.8149092197418213,c2.00_beta6_rho1.00,2.0,6,1.0,800
False,4,2,,,,,,,,,not_applicable,False,1.0,1.0,5.618444569750894e-07,9.550528995652548e-07,False,5,1.1601707935333252,c2.00_beta6_rho1.00,2.0,6,1.0,800
True,4,4,0.9399235666276593,3.5338252444082396,-0.809761394014691,5.945795142438774,-0.3043766814462405,1.4975147170509018,292.59131928793204,1.5526773163408307e-58,inconclusive,True,1.0,1.0,8.684226145710585e-07,9.863036800554944e-07,True,6,1.1847188472747803,c2.00_beta6_rho1.00,2.0,6,1.0,800
False,4,3,,,,,,,,,not_applicable,False,1.0,1.0,8.814420694121939e-07,8.969905467807272e-07,False,7,1.0132811069488525,c2.00_beta6_rho1.00,2.0,6,1.0,800
False,4,3,,,,,,,,,not_applicable,False,1.0,1.0,7.604079683270345e-07,9.307650336754489e-07,False,8,1.4938969612121582,c2.00_beta6_rho1.00,2.0,6,1.0,800
True,4,4,0.7748753928639344,2.4017274978641465,2.238374985409064,0.5371133947541643,2.3056118084261623,0.8834375898803872,276.97159253080923,3.2500410543489362e-55,meaningfully_different,True,1.0,1.0,8.011381060172237e-07,9.595424104584161e-07,True,9,0.724966287612915,c2.00_beta6_rho1.00,2.0,6,1.0,800
False,4,3,,,,,,,,,not_applicable,False,1.0,1.0,9.318817813116392e-07,9.928784977095674e-07,False,10,1.2537050247192383,c2.00_beta6_rho1.00,2.0,6,1.0,800
False,4,2,,,,,,,,,not_applicable,False,1.0,1.0,8.110635554794296e-07,8.716784396972432e-07,False,11,1.688776969909668,c2.00_beta6_rho1.00,2.0,6,1.0,800
True,4,4,0.821770927329421,2.701229828015426,2.497643812152782,0.5759904715491836,2.6001190751033088,0.928044156865656,262.65017021226066,3.573471108715361e-52,meaningfully_different,True,1.0,1.0,6.59559652204929e-07,9.572303931636025e-07,True,12,0.7870979309082031,c2.00_beta6_rho1.00,2.0,6,1.0,800
False,4,2,,,,,,,,,not_applicable,False,1.0,1.0,9.323618332591173e-07,9.773595308147196e-07,False,13,1.6364340782165527,c2.00_beta6_rho1.00,2.0,6,1.0,800
False,4,3,,,,,,,,,not_applicable,False,1.0,1.0,8.625154796260658e-07,9.677989713721364e-07,False,14,1.0970211029052734,c2.00_beta6_rho1.00,2.0,6,1.0,800
False,4,2,,,,,,,,,not_applicable,False,1.0,1.0,8.47440695298148e-07,9.527704528632961e-07,False,15,1.2506120204925537,c2.00_beta6_rho1.00,2.0,6,1.0,800
False,4,3,,,,,,,,,not_applicable,False,1.0,1.0,9.081975027532453e-07,9.830678418967844e-07,False,16,1.1345100402832031,c2.00_beta6_rho1.00,2.0,6,1.0,800
False,4,3,,,,,,,,,not_applicable,False,1.0,1.0,9.79034356332027e-07,9.674376336303715e-07,False,17,1.0890700817108154,c2.00_beta6_rho1.00,2.0,6,1.0,800
False,4,3,,,,,,,,,not_applicable,False,1.0,1.0,5.951978172400856e-07,9.876567598933655e-07,False,18,1.0863168239593506,c2.00_beta6_rho1.00,2.0,6,1.0,800
False,4,2,,,,,,,,,not_applicable,False,1.0,1.0,7.085663519370444e-07,9.726577881367859e-07,False,19,2.0234899520874023,c2.00_beta6_rho1.00,2.0,6,1.0,800
True,4,4,0.8386960262224435,2.813644097605271,2.4763704342614887,0.8758418994131558,1.6856586048814377,0.9895708866912067,216.98963879176134,1.6650888235728453e-42,meaningfully_different,True,1.0,1.0,6.6041475805533e-07,9.318685714376231e-07,True,20,0.8771629333496094,c2.00_beta6_rho1.00,2.0,6,1.0,800
True,4,4,0.8418995998975519,2.835179745230632,2.6551569112873112,0.5961543474516386,2.7763899036592723,0.9533812920227703,259.97002914331347,1.3237785742468735e-51,meaningfully_different,True,1.0,1.0,9.338443782453292e-07,9.990479368697105e-07,True,21,0.8095669746398926,c2.00_beta6_rho1.00,2.0,6,1.0,800
False,4,3,,,,,,,,,not_applicable,False,1.0,1.0,8.752061806229875e-07,9.144692559096299e-07,False,22,1.155524730682373,c2.00_beta6_rho1.00,2.0,6,1.0,800
False,4,2,,,,,,,,,not_applicable,False,1.0,1.0,8.501906381093586e-07,8.901005087745793e-07,False,23,1.4663970470428467,c2.00_beta6_rho1.00,2.0,6,1.0,800
False,4,3,,,,,,,,,not_applicable,False,1.0,1.0,9.31114904412861e-07,9.68534474844175e-07,False,24,1.6004688739776611,c2.00_beta6_rho1.00,2.0,6,1.0,800
False,4,2,,,,,,,,,not_applicable,False,1.0,1.0,9.288129932800779e-07,8.787946561718458e-07,False,25,1.1978940963745117,c2.00_beta6_rho1.00,2.0,6,1.0,800
False,4,3,,,,,,,,,not_applicable,False,1.0,1.0,5.86288393002433e-07,9.834592985571475e-07,False,26,2.3677279949188232,c2.00_beta6_rho1.00,2.0,6,1.0,800
True,4,4,0.8598816182106103,2.9575855893459906,2.761688969658288,0.6128699741744523,2.8744905834737895,0.9707948250697455,262.90651624965983,3.1527293262044428e-52,meaningfully_different,True,1.0,1.0,8.668598882281653e-07,8.699644004028782e-07,True,27,0.8298220634460449,c2.00_beta6_rho1.00,2.0,6,1.0,800
False,4,3,,,,,,,,,not_applicable,False,1.0,1.0,9.314580064387018e-07,9.549990916006126e-07,False,28,1.0178580284118652,c2.00_beta6_rho1.00,2.0,6,1.0,800
True,4,4,0.8766686867312722,3.0741919451805337,2.915398693961765,0.5263011142521643,3.639358994486279,0.972250866624458,267.76792596222754,2.9291075847585113e-53,meaningfully_different,True,1.0,1.0,7.819626253124058e-07,9.018382330632733e-07,True,29,0.8259899616241455,c2.00_beta6_rho1.00,2.0,6,1.0,800
False,4,3,,,,,,,,,not_applicable,False,1.0,1.0,9.086840413219392e-07,9.823673796279143e-07,False,30,1.1811878681182861,c2.00_beta6_rho1.00,2.0,6,1.0,800
True,4,4,0.8674033916038808,3.0095545750636616,2.5101710887639035,1.2389315518246506,1.2189302036418248,1.0663057893174097,238.54648381427876,4.599764104568278e-47,inconclusive,True,1.0,1.0,8.057679038525605e-07,9.951736012259033e-07,True,31,0.9224772453308105,c2.00_beta6_rho1.00,2.0,6,1.0,800
False,4,2,,,,,,,,,not_applicable,False,1.0,1.0,5.802056724932796e-07,6.436599488543466e-07,False,32,1.381011962890625,c2.00_beta6_rho1.00,2.0,6,1.0,800
False,4,3,,,,,,,,,not_applicable,False,1.0,1.0,6.989215560201539e-07,9.868230400007451e-07,False,33,1.015807867050171,c2.00_beta6_rho1.00,2.0,6,1.0,800
False,4,3,,,,,,,,,not_applicable,False,1.0,1.0,9.336036470529301e-07,9.931393117923585e-07,False,34,1.0869309902191162,c2.00_beta6_rho1.00,2.0,6,1.0,800
True,4,4,0.7724069731242852,2.386450128524081,2.221356267297257,0.5013848621728901,2.435965581418177,0.8726484080574631,252.30848788310672,5.582520349773712e-50,meaningfully_different,True,1.0,1.0,9.684361196625508e-07,9.226493461831155e-07,True,35,0.7975380420684814,c2.00_beta6_rho1.00,2.0,6,1.0,800
False,4,3,,,,,,,,,not_applicable,False,1.0,1.0,9.246726143859244e-07,9.97089628043208e-07,False,36,1.3620538711547852,c2.00_beta6_rho1.00,2.0,6,1.0,800
False,4,3,,,,,,,,,not_applicable,False,1.0,1.0,6.29629525276101e-07,8.501598735758487e-07,False,37,0.9763820171356201,c2.00_beta6_rho1.00,2.0,6,1.0,800
True,4,4,0.8938828257578193,3.1961060247391355,2.9186794796308573,0.6811570617702871,2.8167945211407224,1.0048735173154035,235.86917190117518,1.6963909753835794e-46,meaningfully_different,True,1.0,1.0,7.207844051983552e-07,9.785096296042432e-07,True,38,0.9146690368652344,c2.00_beta6_rho1.00,2.0,6,1.0,800
False,4,3,,,,,,,,,not_applicable,False,1.0,1.0,9.480333784694726e-07,9.309648164414359e-07,False,39,0.9476110935211182,c2.00_beta6_rho1.00,2.0,6,1.0,800
True,4,4,0.8707716353336762,3.0329729636067393,2.7059993552013735,0.7720391803844886,2.2097315765137164,0.9969817953710892,275.1059762750223,8.095821281592413e-55,meaningfully_different,True,1.0,1.0,9.890027983447676e-07,9.740310640742057e-07,True,40,0.9355881214141846,c2.00_beta6_rho1.00,2.0,6,1.0,800
False,4,3,,,,,,,,,not_applicable,False,1.0,1.0,9.241782436042455e-07,7.659826355131426e-07,False,41,1.3389849662780762,c2.00_beta6_rho1.00,2.0,6,1.0,800
True,4,4,0.8080805273309751,2.6119765546060276,2.3335013186224844,0.7952770629728205,1.6767757813078765,0.9541508895458625,201.77541426360563,2.7000134379002734e-39,meaningfully_different,True,1.0,1.0,4.782599433886383e-07,9.72116168909376e-07,True,42,0.8361930847167969,c2.00_beta6_rho1.00,2.0,6,1.0,800
False,4,2,,,,,,,,,not_applicable,False,1.0,1.0,5.771744303208452e-07,7.554417256901106e-07,False,43,1.4381368160247803,c2.00_beta6_rho1.00,2.0,6,1.0,800
False,4,3,,,,,,,,,not_applicable,False,1.0,1.0,7.427669784362917e-07,9.699951470458345e-07,False,44,1.6999568939208984,c2.00_beta6_rho1.00,2.0,6,1.0,800
False,4,3,,,,,,,,,not_applicable,False,1.0,1.0,9.478929048074695e-07,9.912508494536501e-07,False,45,1.4896972179412842,c2.00_beta6_rho1.00,2.0,6,1.0,800
False,4,3,,,,,,,,,not_applicable,False,1.0,1.0,6.92468751078048e-07,9.903197571375552e-07,False,46,0.8504748344421387,c2.00_beta6_rho1.00,2.0,6,1.0,800
False,4,3,,,,,,,,,not_applicable,False,1.0,1.0,8.823838551475171e-07,9.690426803164623e-07,False,47,0.9958381652832031,c2.00_beta6_rho1.00,2.0,6,1.0,800
False,4,3,,,,,,,,,not_applicable,False,1.0,1.0,9.040138295258482e-07,9.791917595242498e-07,False,48,1.5905258655548096,c2.00_beta6_rho1.00,2.0,6,1.0,800
True,4,4,0.8744470572047462,3.058630623416163,2.565625013488728,1.284740466510949,1.2186313534130322,1.0815307473114886,263.7867135108329,2.0505750190079195e-52,inconclusive,True,1.0,1.0,9.273354472279065e-07,9.751095993432817e-07,True,49,0.9020929336547852,c2.00_beta6_rho1.00,2.0,6,1.0,800
True,4,4,0.8622692031106657,2.9740327145324095,2.623491664509987,0.9568129971255227,1.6967700787795672,1.0243667547741642,270.59875928248175,7.338830776620815e-54,meaningfully_different,True,1.0,1.0,7.895691470608979e-07,9.97216049441047e-07,True,50,0.9236400127410889,c2.00_beta6_rho1.00,2.0,6,1.0,800
False,4,3,,,,,,,,,not_applicable,False,1.0,1.0,8.039823887419242e-07,8.187170568567812e-07,False,51,1.0329008102416992,c2.00_beta6_rho1.00,2.0,6,1.0,800
False,4,2,,,,,,,,,not_applicable,False,1.0,1.0,5.670544841267786e-07,7.972077967992113e-07,False,52,1.282236099243164,c2.00_beta6_rho1.00,2.0,6,1.0,800
True,4,4,0.7750020576970046,2.402512757738365,2.2476043152703755,0.4843117191748753,2.576035775875765,0.8723855516814615,265.3713993685475,9.451694334688082e-53,meaningfully_different,True,1.0,1.0,7.793759406891104e-07,9.306272777021518e-07,True,53,0.8057770729064941,c2.00_beta6_rho1.00,2.0,6,1.0,800
False,4,3,,,,,,,,,not_applicable,False,1.0,1.0,7.840851357962955e-07,9.8345313797124e-07,False,54,0.9436972141265869,c2.00_beta6_rho1.00,2.0,6,1.0,800
False,4,2,,,,,,,,,not_applicable,False,1.0,1.0,6.410905177893897e-07,9.240799119238948e-07,False,55,1.8883450031280518,c2.00_beta6_rho1.00,2.0,6,1.0,800
False,4,3,,,,,,,,,not_applicable,False,1.0,1.0,9.509283180316189e-07,9.745790175851265e-07,False,56,2.112733840942383,c2.00_beta6_rho1.00,2.0,6,1.0,800
False,4,3,,,,,,,,,not_applicable,False,1.0,1.0,9.051706855487516e-07,9.612034536136882e-07,False,57,1.473036766052246,c2.00_beta6_rho1.00,2.0,6,1.0,800
False,4,3,,,,,,,,,not_applicable,False,1.0,1.0,7.160608656521948e-07,8.643423749953842e-07,False,58,0.9127218723297119,c2.00_beta6_rho1.00,2.0,6,1.0,800
False,4,3,,,,,,,,,not_applicable,False,1.0,1.0,8.930528044749589e-07,9.330780396582998e-07,False,59,1.0620098114013672,c2.00_beta6_rho1.00,2.0,6,1.0,800
False,4,3,,,,,,,,,not_applicable,False,1.0,1.0,9.61201973918106e-07,9.403157270452636e-07,False,60,1.1147758960723877,c2.00_beta6_rho1.00,2.0,6,1.0,800
False,4,2,,,,,,,,,not_applicable,False,1.0,1.0,9.80891464234895e-07,8.253522047669133e-07,False,61,2.241879940032959,c2.00_beta6_rho1.00,2.0,6,1.0,800
True,4,4,0.9011073876231529,3.2479780961160922,1.3730625625814603,3.3460227199667867,0.11149433037476907,1.3111807817174619,230.24918079430728,2.62267306333374e-45,inconclusive,True,1.0,1.0,7.789819731945272e-07,9.768274856940927e-07,True,62,1.0921781063079834,c2.00_beta6_rho1.00,2.0,6,1.0,800
False,4,3,,,,,,,,,not_applicable,False,1.0,1.0,9.030824940035498e-07,9.07613730406058e-07,False,63,0.766273021697998,c2.00_beta6_rho1.00,2.0,6,1.0,800
True,4,4,0.7975744601199054,2.5445000777422346,1.9624962379396287,1.456769263340544,0.6607060309142652,1.0438712138449775,259.2556615523415,1.8766402405646753e-51,inconclusive,True,1.0,1.0,7.94687959342551e-07,9.995922382576735e-07,True,64,0.8697538375854492,c2.00_beta6_rho1.00,2.0,6,1.0,800
False,4,3,,,,,,,,,not_applicable,False,1.0,1.0,7.720913127222185e-07,8.683570412504755e-07,False,65,1.8173480033874512,c2.00_beta6_rho1.00,2.0,6,1.0,800
False,4,2,,,,,,,,,not_applicable,False,1.0,1.0,7.189265887261816e-07,7.204026133817729e-07,False,66,2.510629892349243,c2.00_beta6_rho1.00,2.0,6,1.0,800
False,4,3,,,,,,,,,not_applicable,False,1.0,1.0,8.417275159458421e-07,8.859958476472468e-07,False,67,0.994488000869751,c2.00_beta6_rho1.00,2.0,6,1.0,800
False,4,3,,,,,,,,,not_applicable,False,1.0,1.0,8.69082115166773e-07,9.171734781461025e-07,False,68,1.1930601596832275,c2.00_beta6_rho1.00,2.0,6,1.0,800
False,4,2,,,,,,,,,not_applicable,False,1.0,1.0,7.914915270901484e-07,8.343671855084733e-07,False,69,1.0081839561462402,c2.00_beta6_rho1.00,2.0,6,1.0,800
False,4,2,,,,,,,,,not_applicable,False,1.0,1.0,6.879523933557675e-07,9.852966490148122e-07,False,70,1.7035088539123535,c2.00_beta6_rho1.00,2.0,6,1.0,800
False,4,3,,,,,,,,,not_applicable,False,1.0,1.0,8.385696915327067e-07,9.578234346464497e-07,False,71,1.1960399150848389,c2.00_beta6_rho1.00,2.0,6,1.0,800
True,4,4,0.8603634769128674,2.9609012496223928,2.0037355530850833,2.021924343874549,0.49642587079279976,1.1542860502848298,247.94777466517522,4.6904582405324335e-49,inconclusive,True,1.0,1.0,8.599304406816506e-07,9.764969714224062e-07,True,72,1.0166490077972412,c2.00_beta6_rho1.00,2.0,6,1.0,800
False,4,3,,,,,,,,,not_applicable,False,1.0,1.0,8.390875961651003e-07,9.590014457318796e-07,False,73,1.9230372905731201,c2.00_beta6_rho1.00,2.0,6,1.0,800
False,4,2,,,,,,,,,not_applicable,False,1.0,1.0,7.530109716093148e-07,9.866559939530755e-07,False,74,1.1753520965576172,c2.00_beta6_rho1.00,2.0,6,1.0,800
False,4,3,,,,,,,,,not_applicable,False,1.0,1.0,8.069419092089436e-07,9.723683801189466e-07,False,75,1.1314630508422852,c2.00_beta6_rho1.00,2.0,6,1.0,800
True,4,4,0.8581981005696779,2.946015919285612,2.7613492391074232,0.5673528049059887,3.1045043293639516,0.9610621153206136,270.7039615369548,6.970840665718445e-54,meaningfully_different,True,1.0,1.0,9.435293987335534e-07,8.913321308715583e-07,True,76,0.8265068531036377,c2.00_beta6_rho1.00,2.0,6,1.0,800
False,4,3,,,,,,,,,not_applicable,False,1.0,1.0,7.074178372305336e-07,9.601748539779166e-07,False,77,0.8712549209594727,c2.00_beta6_rho1.00,2.0,6,1.0,800
True,4,4,0.9414017268858614,3.544948845534728,3.1760928633557524,0.855670986148567,2.5431420470974406,1.0704609274045649,270.4488981124478,7.896823544680048e-54,meaningfully_different,True,1.0,1.0,9.519276446104506e-07,9.461877746599061e-07,True,78,0.94486403465271,c2.00_beta6_rho1.00,2.0,6,1.0,800
False,4,3,,,,,,,,,not_applicable,False,1.0,1.0,9.689433495984728e-07,9.922891222798761e-07,False,79,1.149399995803833,c2.00_beta6_rho1.00,2.0,6,1.0,800
True,4,4,0.7661644265674192,2.3480317141495295,2.210084850787096,0.4229891231484662,2.8607942487503744,0.8523262350999871,228.8096680815138,5.2872641205541873e-45,meaningfully_different,True,1.0,1.0,7.498439694775068e-07,9.18333937595371e-07,True,80,0.7780551910400391,c2.00_beta6_rho1.00,2.0,6,1.0,800
False,4,2,,,,,,,,,not_applicable,False,1.0,1.0,9.645096616144276e-07,9.502695460762536e-07,False,81,1.2845470905303955,c2.00_beta6_rho1.00,2.0,6,1.0,800
False,4,3,,,,,,,,,not_applicable,False,1.0,1.0,7.407752726036817e-07,9.820970878279137e-07,False,82,1.7849080562591553,c2.00_beta6_rho1.00,2.0,6,1.0,800
False,4,2,,,,,,,,,not_applicable,False,1.0,1.0,7.487642881758539e-07,8.211259479916797e-07,False,83,1.1566441059112549,c2.00_beta6_rho1.00,2.0,6,1.0,800
False,4,2,,,,,,,,,not_applicable,False,1.0,1.0,8.278927132512493e-07,6.439242210314697e-07,False,84,1.5488231182098389,c2.00_beta6_rho1.00,2.0,6,1.0,800
False,4,3,,,,,,,,,not_applicable,False,1.0,1.0,9.64409726920546e-07,8.829726609496883e-07,False,85,0.810236930847168,c2.00_beta6_rho1.00,2.0,6,1.0,800
True,4,4,0.7319693487064638,2.1431165097830593,2.0455514114655844,0.34510211961888765,3.0296870173392025,0.8082688111929954,249.67764742259547,2.016337091234085e-49,meaningfully_different,True,1.0,1.0,6.079679372730406e-07,7.96037199063281e-07,True,86,0.7463459968566895,c2.00_beta6_rho1.00,2.0,6,1.0,800
True,4,4,0.9480397044899684,3.5951171251577065,3.166340035095673,0.9024304654250415,2.400561725357238,1.078274786316266,273.5862166594075,1.7025821552868176e-54,meaningfully_different,True,1.0,1.0,8.555883553397006e-07,9.880162611840102e-07,True,87,0.9894239902496338,c2.00_beta6_rho1.00,2.0,6,1.0,800
False,4,3,,,,,,,,,not_applicable,False,1.0,1.0,9.017801808243062e-07,9.931823862213915e-07,False,88,1.393822193145752,c2.00_beta6_rho1.00,2.0,6,1.0,800
False,4,3,,,,,,,,,not_applicable,False,1.0,1.0,7.189974377400739e-07,9.647752246863683e-07,False,89,1.1456270217895508,c2.00_beta6_rho1.00,2.0,6,1.0,800
False,4,2,,,,,,,,,not_applicable,False,1.0,1.0,8.37509030961348e-07,8.953921396591091e-07,False,90,1.698591947555542,c2.00_beta6_rho1.00,2.0,6,1.0,800
False,4,2,,,,,,,,,not_applicable,False,1.0,1.0,6.901759931370568e-07,8.541514515018992e-07,False,91,1.5761890411376953,c2.00_beta6_rho1.00,2.0,6,1.0,800
True,4,4,0.7642055954549145,2.336040768498402,2.214396239702152,0.4072680174427823,2.9818109640115913,0.8491602492071576,270.5736202012752,7.429603055851488e-54,meaningfully_different,True,1.0,1.0,9.026207297550413e-07,9.651162701671228e-07,True,92,0.7662441730499268,c2.00_beta6_rho1.00,2.0,6,1.0,800
False,4,3,,,,,,,,,not_applicable,False,1.0,1.0,9.644442260534712e-07,9.850841967612007e-07,False,93,1.0253708362579346,c2.00_beta6_rho1.00,2.0,6,1.0,800
True,4,4,0.8872920418202644,3.149148669910296,2.5632671584180127,1.3741125266363279,1.1376558528614202,1.0981212514671626,257.3328325724318,4.800589341503372e-51,inconclusive,True,1.0,1.0,9.911864686469688e-07,9.720649211191268e-07,True,94,0.9822189807891846,c2.00_beta6_rho1.00,2.0,6,1.0,800
False,4,2,,,,,,,,,not_applicable,False,1.0,1.0,8.283882053357472e-07,8.70844162885475e-07,False,95,3.4387881755828857,c2.00_beta6_rho1.00,2.0,6,1.0,800
True,4,4,0.8661049452497966,3.000551104744613,2.794218527176183,0.5597459693794564,3.205415715927858,0.9637062201575552,253.6720926040377,2.8687576401987083e-50,meaningfully_different,True,1.0,1.0,9.599468891835752e-07,9.271452856731906e-07,True,96,0.8710699081420898,c2.00_beta6_rho1.00,2.0,6,1.0,800
False,4,3,,,,,,,,,not_applicable,False,1.0,1.0,8.993505392258754e-07,9.567821061429908e-07,False,97,1.3068060874938965,c2.00_beta6_rho1.00,2.0,6,1.0,800
False,4,2,,,,,,,,,not_applicable,False,1.0,1.0,6.883329187732772e-07,8.279794093605507e-07,False,98,1.6649909019470215,c2.00_beta6_rho1.00,2.0,6,1.0,800
True,4,4,0.8406062569014643,2.8264755165675624,2.6124551598260934,0.7028404570581871,2.2941979842412525,0.9706344361790492,252.98680307194357,4.0087240060115083e-50,meaningfully_different,True,1.0,1.0,6.102098970559914e-07,9.819830496261902e-07,True,99,0.8349370956420898,c2.00_beta6_rho1.00,2.0,6,1.0,800
False,4,3,,,,,,,,,not_applicable,False,1.0,1.0,9.545868601606766e-07,9.618176991179677e-07,False,100,0.9661712646484375,c2.00_beta6_rho1.00,2.0,6,1.0,800
False,4,3,,,,,,,,,not_applicable,False,1.0,1.0,4.306738255316455e-07,8.133295401889822e-07,False,101,0.9497780799865723,c2.00_beta6_rho1.00,2.0,6,1.0,800
False,4,3,,,,,,,,,not_applicable,False,1.0,1.0,5.625692373837158e-07,9.433784836948862e-07,False,102,0.9776811599731445,c2.00_beta6_rho1.00,2.0,6,1.0,800
False,4,3,,,,,,,,,not_applicable,False,1.0,1.0,6.696284099228987e-07,9.627820887574539e-07,False,103,1.1926219463348389,c2.00_beta6_rho1.00,2.0,6,1.0,800
False,4,2,,,,,,,,,not_applicable,False,1.0,1.0,7.413592636102143e-07,7.675858307417816e-07,False,104,1.4155738353729248,c2.00_beta6_rho1.00,2.0,6,1.0,800
False,4,3,,,,,,,,,not_applicable,False,1.0,1.0,8.763601299199292e-07,9.957644561647607e-07,False,105,1.1523900032043457,c2.00_beta6_rho1.00,2.0,6,1.0,800
False,4,3,,,,,,,,,not_applicable,False,1.0,1.0,8.14378927234262e-07,9.760307972189731e-07,False,106,1.0156440734863281,c2.00_beta6_rho1.00,2.0,6,1.0,800
False,4,3,,,,,,,,,not_applicable,False,1.0,1.0,9.420142630173003e-07,9.609802944372516e-07,False,107,0.8879690170288086,c2.00_beta6_rho1.00,2.0,6,1.0,800
False,4,2,,,,,,,,,not_applicable,False,1.0,1.0,7.646592807964411e-07,8.913184590117211e-07,False,108,1.439446210861206,c2.00_beta6_rho1.00,2.0,6,1.0,800
True,4,4,0.8786582641751782,3.0881613808133492,2.736778680529073,1.0117625082085935,1.7165873082253054,1.0489256303200787,239.3417177692226,3.1214203888550156e-47,meaningfully_different,True,1.0,1.0,7.769886295593663e-07,9.839654311323219e-07,True,109,0.8987691402435303,c2.00_beta6_rho1.00,2.0,6,1.0,800
False,4,3,,,,,,,,,not_applicable,False,1.0,1.0,9.708708272446952e-07,9.640407298680009e-07,False,110,0.8342697620391846,c2.00_beta6_rho1.00,2.0,6,1.0,800
True,4,4,0.7541192897806729,2.2747836128772256,2.043836838037768,0.7063910455163428,1.4777039497644906,0.8952299580696245,205.56413864061992,4.291922865076841e-40,inconclusive,True,1.0,1.0,9.575633241242797e-07,9.198282568144193e-07,True,111,0.821108341217041,c2.00_beta6_rho1.00,2.0,6,1.0,800
False,4,3,,,,,,,,,not_applicable,False,1.0,1.0,9.275854952986021e-07,9.869240642375824e-07,False,112,1.3405349254608154,c2.00_beta6_rho1.00,2.0,6,1.0,800
False,4,3,,,,,,,,,not_applicable,False,1.0,1.0,7.965369860966358e-07,9.935001168442548e-07,False,113,1.6354455947875977,c2.00_beta6_rho1.00,2.0,6,1.0,800
True,4,4,0.8436692799874222,2.847111415977982,2.7231004490908637,0.4446861230420986,3.874868946445035,0.9293201858659437,304.6552440577245,4.204553847734046e-61,meaningfully_different,True,1.0,1.0,5.382908827166083e-07,9.89067447352391e-07,True,114,0.7496082782745361,c2.00_beta6_rho1.00,2.0,6,1.0,800
False,4,3,,,,,,,,,not_applicable,False,1.0,1.0,7.253314650645526e-07,9.741868245335871e-07,False,115,0.9864072799682617,c2.00_beta6_rho1.00,2.0,6,1.0,800
False,4,2,,,,,,,,,not_applicable,False,1.0,1.0,9.574785804404905e-07,8.938292146415887e-07,False,116,1.8021948337554932,c2.00_beta6_rho1.00,2.0,6,1.0,800
True,4,4,0.9020239075941786,3.254588519485885,3.028092367418624,0.669155300012298,3.0308246342535896,1.0159668904100239,235.76090172526162,1.78831262897889e-46,meaningfully_different,True,1.0,1.0,8.717781190907738e-07,9.530973652558294e-07,True,117,0.8821659088134766,c2.00_beta6_rho1.00,2.0,6,1.0,800
False,4,3,,,,,,,,,not_applicable,False,1.0,1.0,5.231888861566816e-07,9.320413919772398e-07,False,118,1.1813900470733643,c2.00_beta6_rho1.00,2.0,6,1.0,800
False,4,2,,,,,,,,,not_applicable,False,1.0,1.0,7.441866502977939e-07,9.20052123150933e-07,False,119,1.4124319553375244,c2.00_beta6_rho1.00,2.0,6,1.0,800
False,4,3,,,,,,,,,not_applicable,False,1.0,1.0,6.559772396371528e-07,9.92735060722025e-07,False,120,1.0927557945251465,c2.00_beta6_rho1.00,2.0,6,1.0,800
False,4,3,,,,,,,,,not_applicable,False,1.0,1.0,8.481401571983948e-07,9.507222912655616e-07,False,121,1.8022568225860596,c2.00_beta6_rho1.00,2.0,6,1.0,800
False,4,3,,,,,,,,,not_applicable,False,1.0,1.0,5.713748408329034e-07,9.521527497318535e-07,False,122,1.1844568252563477,c2.00_beta6_rho1.00,2.0,6,1.0,800
False,4,3,,,,,,,,,not_applicable,False,1.0,1.0,7.736831123996082e-07,9.916962719302271e-07,False,123,1.0925512313842773,c2.00_beta6_rho1.00,2.0,6,1.0,800
False,4,3,,,,,,,,,not_applicable,False,1.0,1.0,9.874705878973046e-07,9.595513190200105e-07,False,124,1.169724941253662,c2.00_beta6_rho1.00,2.0,6,1.0,800
False,4,2,,,,,,,,,not_applicable,False,1.0,1.0,9.97668931767443e-07,9.001923419588298e-07,False,125,1.4008541107177734,c2.00_beta6_rho1.00,2.0,6,1.0,800
False,4,3,,,,,,,,,not_applicable,False,1.0,1.0,8.076736753088988e-07,9.411189507359537e-07,False,126,0.9339208602905273,c2.00_beta6_rho1.00,2.0,6,1.0,800
False,4,3,,,,,,,,,not_applicable,False,1.0,1.0,8.81712914679233e-07,9.749257502215347e-07,False,127,2.143064260482788,c2.00_beta6_rho1.00,2.0,6,1.0,800
False,4,3,,,,,,,,,not_applicable,False,1.0,1.0,4.875191471885382e-07,9.191106931562169e-07,False,128,1.8217856884002686,c2.00_beta6_rho1.00,2.0,6,1.0,800
True,4,4,0.9178602422437109,3.3698696971667346,3.1028134475038276,0.7316536802554773,2.874055723699185,1.037578509938458,299.91534000558,4.292231352326412e-60,meaningfully_different,True,1.0,1.0,9.853381929341102e-07,9.926469403498261e-07,True,129,0.9400603771209717,c2.00_beta6_rho1.00,2.0,6,1.0,800
False,4,2,,,,,,,,,not_applicable,False,1.0,1.0,6.171748921646768e-07,7.723388092972814e-07,False,130,1.8024420738220215,c2.00_beta6_rho1.00,2.0,6,1.0,800
True,4,4,0.8118786003137908,2.63658744658992,2.3294028056124905,0.9066417129307344,1.4662934504912353,0.9773299999836422,232.41217644007804,9.14390612138073e-46,inconclusive,True,1.0,1.0,7.307602582714444e-07,9.735560916816268e-07,True,131,0.8712272644042969,c2.00_beta6_rho1.00,2.0,6,1.0,800
True,4,4,0.7458190905169395,2.2249844631180595,2.126362694655247,0.3623484506330474,3.1085069984083407,0.8249807358204283,280.8810698611552,4.798290004584314e-56,meaningfully_different,True,1.0,1.0,8.630722288045599e-07,9.463905389661034e-07,True,132,0.7461953163146973,c2.00_beta6_rho1.00,2.0,6,1.0,800
True,4,4,0.847962378751427,2.876160783111114,2.696908670594735,0.5234250661396076,3.2419323803307054,0.9431153546984301,253.6900962801796,2.8436499983555985e-50,meaningfully_different,True,1.0,1.0,8.357160625007938e-07,9.357499623767403e-07,True,133,0.8832767009735107,c2.00_beta6_rho1.00,2.0,6,1.0,800
False,4,3,,,,,,,,,not_applicable,False,1.0,1.0,9.261467982621105e-07,9.915984417059347e-07,False,134,1.050853967666626,c2.00_beta6_rho1.00,2.0,6,1.0,800
False,4,3,,,,,,,,,not_applicable,False,1.0,1.0,8.339286089650736e-07,9.689121020649657e-07,False,135,1.4289300441741943,c2.00_beta6_rho1.00,2.0,6,1.0,800
False,4,2,,,,,,,,,not_applicable,False,1.0,1.0,7.377503654163697e-07,9.236439550134783e-07,False,136,2.218082904815674,c2.00_beta6_rho1.00,2.0,6,1.0,800
True,4,4,0.7718928102550454,2.383274042093726,2.2454225087245145,0.5018243233547165,2.481789843104482,0.8761920547298675,248.48520201091094,3.608381492313034e-49,meaningfully_different,True,1.0,1.0,6.990668561619848e-07,9.524027606734702e-07,True,137,0.8467938899993896,c2.00_beta6_rho1.00,2.0,6,1.0,800
False,4,3,,,,,,,,,not_applicable,False,1.0,1.0,9.022518162105905e-07,9.250158933564715e-07,False,138,1.581341028213501,c2.00_beta6_rho1.00,2.0,6,1.0,800
True,4,4,0.8181478797800272,2.6774638127542154,2.4611954689625546,0.7013790037204062,2.0833179510817486,0.9506394252159536,254.22292928457264,2.192223590758146e-50,meaningfully_different,True,1.0,1.0,9.224419836311257e-07,9.403824630252802e-07,True,139,0.8930730819702148,c2.00_beta6_rho1.00,2.0,6,1.0,800
False,4,2,,,,,,,,,not_applicable,False,1.0,1.0,9.311851016625486e-07,8.461447798625344e-07,False,140,2.0855610370635986,c2.00_beta6_rho1.00,2.0,6,1.0,800
False,4,3,,,,,,,,,not_applicable,False,1.0,1.0,8.855526362182727e-07,9.749446392546694e-07,False,141,1.8403880596160889,c2.00_beta6_rho1.00,2.0,6,1.0,800
False,4,3,,,,,,,,,not_applicable,False,1.0,1.0,9.418162877482182e-07,9.3780775746482e-07,False,142,1.6309318542480469,c2.00_beta6_rho1.00,2.0,6,1.0,800
False,4,3,,,,,,,,,not_applicable,False,1.0,1.0,9.284135625010813e-07,9.849521565231762e-07,False,143,1.6905410289764404,c2.00_beta6_rho1.00,2.0,6,1.0,800
True,4,4,0.9616192480110449,3.69884631258131,3.2955388783772417,0.8790208988854348,2.611472470436025,1.0887377544747738,242.22639705363093,7.645935081539433e-48,meaningfully_different,True,1.0,1.0,9.158316103477325e-07,9.951521538466463e-07,True,144,1.0599548816680908,c2.00_beta6_rho1.00,2.0,6,1.0,800
False,4,3,,,,,,,,,not_applicable,False,1.0,1.0,7.693413303106678e-07,9.895493301430078e-07,False,145,2.8833611011505127,c2.00_beta6_rho1.00,2.0,6,1.0,800
False,4,3,,,,,,,,,not_applicable,False,1.0,1.0,6.913277481883067e-07,9.148147285469924e-07,False,146,1.1078121662139893,c2.00_beta6_rho1.00,2.0,6,1.0,800
False,4,3,,,,,,,,,not_applicable,False,1.0,1.0,8.838173044666583e-07,9.075448876534976e-07,False,147,2.0118610858917236,c2.00_beta6_rho1.00,2.0,6,1.0,800
False,4,2,,,,,,,,,not_applicable,False,1.0,1.0,9.101608491514844e-07,9.636980001278553e-07,False,148,4.776057720184326,c2.00_beta6_rho1.00,2.0,6,1.0,800
False,4,3,,,,,,,,,not_applicable,False,1.0,1.0,9.219418229943655e-07,9.142994720996137e-07,False,149,0.919252872467041,c2.00_beta6_rho1.00,2.0,6,1.0,800
False,4,3,,,,,,,,,not_applicable,False,1.0,1.0,5.457784535453112e-07,9.982049116572024e-07,False,150,1.5942459106445312,c2.00_beta6_rho1.00,2.0,6,1.0,800
False,4,3,,,,,,,,,not_applicable,False,1.0,1.0,8.595840322802671e-07,9.438362443957624e-07,False,151,0.984065055847168,c2.00_beta6_rho1.00,2.0,6,1.0,800
False,4,3,,,,,,,,,not_applicable,False,1.0,1.0,7.25178508711561e-07,9.4106793271263e-07,False,152,1.2008590698242188,c2.00_beta6_rho1.00,2.0,6,1.0,800
True,4,4,0.8774128188321395,3.079413018603843,2.7383960569746444,0.8878417882017811,1.9580020675705756,1.0245445137300557,229.51745499295967,3.7456367574837705e-45,meaningfully_different,True,1.0,1.0,7.731077471779885e-07,9.87050181986503e-07,True,153,0.9820001125335693,c2.00_beta6_rho1.00,2.0,6,1.0,800
False,4,3,,,,,,,,,not_applicable,False,1.0,1.0,9.220355965601806e-07,9.787754952376889e-07,False,154,1.939673662185669,c2.00_beta6_rho1.00,2.0,6,1.0,800
False,4,3,,,,,,,,,not_applicable,False,1.0,1.0,9.900018089170557e-07,7.829089016602372e-07,False,155,8.270349025726318,c2.00_beta6_rho1.00,2.0,6,1.0,800
False,4,3,,,,,,,,,not_applicable,False,1.0,1.0,7.050265040385041e-07,9.950019357165229e-07,False,156,2.4993720054626465,c2.00_beta6_rho1.00,2.0,6,1.0,800
False,4,3,,,,,,,,,not_applicable,False,1.0,1.0,8.09553152509829e-07,9.994599434681572e-07,False,157,1.1691761016845703,c2.00_beta6_rho1.00,2.0,6,1.0,800
False,4,3,,,,,,,,,not_applicable,False,1.0,1.0,9.879371749148628e-07,9.94165542360772e-07,False,158,1.4453918933868408,c2.00_beta6_rho1.00,2.0,6,1.0,800
False,4,3,,,,,,,,,not_applicable,False,1.0,1.0,9.973934120534482e-07,9.428776445040906e-07,False,159,0.986638069152832,c2.00_beta6_rho1.00,2.0,6,1.0,800
False,4,3,,,,,,,,,not_applicable,False,1.0,1.0,9.8367147321177e-07,9.756482059070548e-07,False,160,0.955895185470581,c2.00_beta6_rho1.00,2.0,6,1.0,800
False,4,3,,,,,,,,,not_applicable,False,1.0,1.0,8.68370728658124e-07,9.643778879781388e-07,False,161,1.4227919578552246,c2.00_beta6_rho1.00,2.0,6,1.0,800
False,4,3,,,,,,,,,not_applicable,False,1.0,1.0,5.609247106561103e-07,9.363164783996645e-07,False,162,2.0789260864257812,c2.00_beta6_rho1.00,2.0,6,1.0,800
False,4,3,,,,,,,,,not_applicable,False,1.0,1.0,6.686460733940665e-07,9.829843440886165e-07,False,163,0.9589779376983643,c2.00_beta6_rho1.00,2.0,6,1.0,800
False,4,3,,,,,,,,,not_applicable,False,1.0,1.0,7.504311383435012e-07,9.054262268731299e-07,False,164,0.9994828701019287,c2.00_beta6_rho1.00,2.0,6,1.0,800
False,4,3,,,,,,,,,not_applicable,False,1.0,1.0,8.50364019053465e-07,8.753473493830731e-07,False,165,1.3142399787902832,c2.00_beta6_rho1.00,2.0,6,1.0,800
True,4,4,0.8650903840634442,2.9935254903961495,2.323221188873028,1.6873399686763593,0.7842054437381901,1.1290093507418928,202.3158877747438,2.0770836516506136e-39,inconclusive,True,1.0,1.0,9.182967912736621e-07,9.846968248163888e-07,True,166,1.0247917175292969,c2.00_beta6_rho1.00,2.0,6,1.0,800
True,4,4,0.7981814520379682,2.5483745215097575,2.3245891598515493,0.658692656026683,2.0109365843573204,0.9230441706878574,241.27630026118325,1.2152448583050535e-47,meaningfully_different,True,1.0,1.0,8.873538677807248e-07,9.562692289950236e-07,True,167,0.8557307720184326,c2.00_beta6_rho1.00,2.0,6,1.0,800
False,4,2,,,,,,,,,not_applicable,False,1.0,1.0,9.95555548031574e-07,7.737442938525716e-07,False,168,1.5592210292816162,c2.00_beta6_rho1.00,2.0,6,1.0,800
False,4,3,,,,,,,,,not_applicable,False,1.0,1.0,9.202031429253968e-07,9.749107068015734e-07,False,169,0.9214389324188232,c2.00_beta6_rho1.00,2.0,6,1.0,800
False,4,2,,,,,,,,,not_applicable,False,1.0,1.0,9.93987482509688e-07,9.315425761616889e-07,False,170,2.027224063873291,c2.00_beta6_rho1.00,2.0,6,1.0,800
True,4,4,0.8907770678644545,3.17393513853278,2.8048037791824934,0.8049490616633159,2.242134148778453,1.015975782532559,254.2241834739596,2.1908814581992947e-50,meaningfully_different,True,1.0,1.0,8.470508012584223e-07,9.908448402139016e-07,True,171,0.9680941104888916,c2.00_beta6_rho1.00,2.0,6,1.0,800
False,4,3,,,,,,,,,not_applicable,False,1.0,1.0,6.86655275749134e-07,9.240367089052016e-07,False,172,1.1150791645050049,c2.00_beta6_rho1.00,2.0,6,1.0,800
False,4,3,,,,,,,,,not_applicable,False,1.0,1.0,9.253020551792689e-07,9.764023819376294e-07,False,173,1.3784739971160889,c2.00_beta6_rho1.00,2.0,6,1.0,800
True,4,4,0.7643446918941356,2.336891232106964,2.1864480208726484,0.5665526866531293,2.094153021992549,0.8829417113226032,225.84149069153892,2.2433734447427356e-44,meaningfully_different,True,1.0,1.0,7.882871101185378e-07,9.982840984002577e-07,True,174,0.8215029239654541,c2.00_beta6_rho1.00,2.0,6,1.0,800
False,4,2,,,,,,,,,not_applicable,False,1.0,1.0,7.931564190900816e-07,6.781020559477432e-07,False,175,0.9689240455627441,c2.00_beta6_rho1.00,2.0,6,1.0,800
False,4,2,,,,,,,,,not_applicable,False,1.0,1.0,8.34738208764538e-07,8.5087728831585e-07,False,176,1.5208661556243896,c2.00_beta6_rho1.00,2.0,6,1.0,800
True,4,4,0.7916023915017506,2.506537384925163,2.354652039361863,0.4704682973530719,2.879369443134313,0.8843788108933789,242.6453889039048,6.232763908417647e-48,meaningfully_different,True,1.0,1.0,9.047097555515647e-07,9.441618056434008e-07,True,177,0.8261921405792236,c2.00_beta6_rho1.00,2.0,6,1.0,800
True,4,4,0.8979231561346215,3.2250639772910397,2.962629758224663,0.7776152634434824,2.5239084808258885,1.0297685473775768,200.39582937821473,5.273391726040935e-39,meaningfully_different,True,1.0,1.0,7.847377007160119e-07,9.528458687025964e-07,True,178,0.920295000076294,c2.00_beta6_rho1.00,2.0,6,1.0,800
False,4,2,,,,,,,,,not_applicable,False,1.0,1.0,9.69265364322028e-07,8.416709392068979e-07,False,179,1.764814853668213,c2.00_beta6_rho1.00,2.0,6,1.0,800
False,4,3,,,,,,,,,not_applicable,False,1.0,1.0,8.042403725208754e-07,9.780191427913007e-07,False,180,1.056523084640503,c2.00_beta6_rho1.00,2.0,6,1.0,800
False,4,3,,,,,,,,,not_applicable,False,1.0,1.0,8.424152638637027e-07,8.619656844221165e-07,False,181,1.369858980178833,c2.00_beta6_rho1.00,2.0,6,1.0,800
True,4,4,0.8969754346814471,3.2182597216878843,2.815193619109315,0.9509716108634081,1.9087779260426723,1.046351126817126,251.79078534420137,7.187755682420907e-50,meaningfully_different,True,1.0,1.0,9.347492121839685e-07,9.757761711715774e-07,True,182,0.9794127941131592,c2.00_beta6_rho1.00,2.0,6,1.0,800
False,4,3,,,,,,,,,not_applicable,False,1.0,1.0,8.67428391253241e-07,9.901852162769944e-07,False,183,1.2562477588653564,c2.00_beta6_rho1.00,2.0,6,1.0,800
True,4,4,0.8342055875728543,2.7835958493510846,2.5770785369704767,0.5759202928037362,2.738362507236601,0.9386670228871972,236.87239774016754,1.0403054575088324e-46,meaningfully_different,True,1.0,1.0,9.569948403339178e-07,8.805318682928461e-07,True,184,0.8757181167602539,c2.00_beta6_rho1.00,2.0,6,1.0,800
False,4,3,,,,,,,,,not_applicable,False,1.0,1.0,6.846781310895052e-07,9.064204391296401e-07,False,185,1.267535924911499,c2.00_beta6_rho1.00,2.0,6,1.0,800
False,4,3,,,,,,,,,not_applicable,False,1.0,1.0,9.5525147603965e-07,9.488548942527228e-07,False,186,1.056555986404419,c2.00_beta6_rho1.00,2.0,6,1.0,800
False,4,3,,,,,,,,,not_applicable,False,1.0,1.0,9.368807245839016e-07,9.219466848921757e-07,False,187,1.7789151668548584,c2.00_beta6_rho1.00,2.0,6,1.0,800
False,4,3,,,,,,,,,not_applicable,False,1.0,1.0,9.111417751538929e-07,8.801743185827185e-07,False,188,1.0730769634246826,c2.00_beta6_rho1.00,2.0,6,1.0,800
False,4,3,,,,,,,,,not_applicable,False,1.0,1.0,9.427730346693402e-07,9.06893116516766e-07,False,189,0.9481940269470215,c2.00_beta6_rho1.00,2.0,6,1.0,800
False,4,3,,,,,,,,,not_applicable,False,1.0,1.0,9.156981149608937e-07,9.839928571263937e-07,False,190,1.6532061100006104,c2.00_beta6_rho1.00,2.0,6,1.0,800
False,4,3,,,,,,,,,not_applicable,False,1.0,1.0,9.157426057258222e-07,8.861050458397395e-07,False,191,1.1010010242462158,c2.00_beta6_rho1.00,2.0,6,1.0,800
True,4,4,0.9108805865335337,3.318813771694697,2.976832820125095,0.9475474824358615,2.0862625427944237,1.0648250717040872,221.86515081046065,1.5538799891554216e-43,meaningfully_different,True,1.0,1.0,9.958866210500458e-07,9.835039799017012e-07,True,192,0.9392409324645996,c2.00_beta6_rho1.00,2.0,6,1.0,800
False,4,3,,,,,,,,,not_applicable,False,1.0,1.0,7.847331483075315e-07,9.969242295798367e-07,False,193,1.6904819011688232,c2.00_beta6_rho1.00,2.0,6,1.0,800
False,4,3,,,,,,,,,not_applicable,False,1.0,1.0,9.331266416348448e-07,8.429226803381087e-07,False,194,1.0768940448760986,c2.00_beta6_rho1.00,2.0,6,1.0,800
False,4,2,,,,,,,,,not_applicable,False,1.0,1.0,6.594104988038383e-07,9.834185822876435e-07,False,195,1.071338176727295,c2.00_beta6_rho1.00,2.0,6,1.0,800
False,4,2,,,,,,,,,not_applicable,False,1.0,1.0,8.504505851935196e-07,8.794811396078278e-07,False,196,1.6052539348602295,c2.00_beta6_rho1.00,2.0,6,1.0,800
True,4,4,0.7627774630495844,2.32731783254544,2.044202490277463,0.7267376483082065,1.4368355522908327,0.8999416018469476,204.34825370689583,7.745060934859889e-40,inconclusive,True,1.0,1.0,8.256050432130406e-07,9.169816734049209e-07,True,197,0.9067718982696533,c2.00_beta6_rho1.00,2.0,6,1.0,800
True,4,4,0.8184353110502887,2.6793454334959312,2.437232765887619,0.7266371942446928,1.9779234771783998,0.9529486594668732,229.30878658041803,4.1463196245633864e-45,meaningfully_different,True,1.0,1.0,9.05925374212469e-07,9.883721507457228e-07,True,198,0.8796110153198242,c2.00_beta6_rho1.00,2.0,6,1.0,800
True,4,4,0.7593354700536582,2.3063614243264405,2.185865845509649,0.4127186802017826,2.87330305701178,0.8462753192002849,263.14532226701846,2.8054625062471232e-52,meaningfully_different,True,1.0,1.0,7.694776813834349e-07,9.509624944218629e-07,True,199,0.7583470344543457,c2.00_beta6_rho1.00,2.0,6,1.0,800
True,4,4,0.7961309201932825,2.5352977683512106,2.332202033021253,0.6325373595066591,2.10612387236746,0.9182365440054224,254.11698187857507,2.308618918394962e-50,meaningfully_different,True,1.0,1.0,9.912002632428445e-07,9.68830435131293e-07,True,200,0.8028512001037598,c2.00_beta6_rho1.00,2.0,6,1.0,800
True,4,4,0.794307828003946,2.523699702513385,2.3986688204927855,0.4172650865412118,3.3519910138818765,0.8782096576971694,284.67389606046953,7.496107626103818e-57,meaningfully_different,True,1.0,1.0,7.543772880915724e-07,8.542075520985085e-07,True,201,0.7832629680633545,c2.00_beta6_rho1.00,2.0,6,1.0,800
False,4,2,,,,,,,,,not_applicable,False,1.0,1.0,8.335899758727696e-07,8.66669210543081e-07,False,202,1.3293540477752686,c2.00_beta6_rho1.00,2.0,6,1.0,800
False,4,3,,,,,,,,,not_applicable,False,1.0,1.0,6.49245606554022e-07,9.71694040356432e-07,False,203,1.1360039710998535,c2.00_beta6_rho1.00,2.0,6,1.0,800
False,4,3,,,,,,,,,not_applicable,False,1.0,1.0,8.522073348884872e-07,9.289886047872249e-07,False,204,1.0559370517730713,c2.00_beta6_rho1.00,2.0,6,1.0,800
True,4,4,0.8208516132059877,2.6951894836114896,2.5338689424087413,0.5073131822723604,3.023514854351361,0.9176498338513617,256.4567105469424,7.364334289867042e-51,meaningfully_different,True,1.0,1.0,9.728269252734457e-07,9.994439806277024e-07,True,205,0.8187751770019531,c2.00_beta6_rho1.00,2.0,6,1.0,800
True,4,4,0.8326814229069259,2.773433408217211,2.5849173621002373,0.5398477292017775,2.935860014533555,0.9317842906863284,226.85461382164206,1.3698858033402438e-44,meaningfully_different,True,1.0,1.0,9.409907123247604e-07,9.486711772580669e-07,True,206,0.8797290325164795,c2.00_beta6_rho1.00,2.0,6,1.0,800
False,4,2,,,,,,,,,not_applicable,False,1.0,1.0,5.441593910659322e-07,9.160097651198654e-07,False,207,1.5631859302520752,c2.00_beta6_rho1.00,2.0,6,1.0,800
True,4,4,0.7316791592038803,2.1414175680531886,2.016877379072515,0.38656730473174794,2.6305312596939894,0.8143592592218415,250.049526734996,1.6816439528384347e-49,meaningfully_different,True,1.0,1.0,7.047846220351584e-07,9.250024102760414e-07,True,208,0.7875399589538574,c2.00_beta6_rho1.00,2.0,6,1.0,800
False,4,2,,,,,,,,,not_applicable,False,1.0,1.0,8.371680681835033e-07,9.151173713380804e-07,False,209,2.0618369579315186,c2.00_beta6_rho1.00,2.0,6,1.0,800
True,4,4,0.9078768976810772,3.296961845372068,2.7904930956482294,1.1506427141527515,1.556080852575177,1.0820272567439866,258.0102233441662,3.448255004338785e-51,inconclusive,True,1.0,1.0,9.753362875700684e-07,9.95597221210634e-07,True,210,0.9626381397247314,c2.00_beta6_rho1.00,2.0,6,1.0,800
False,4,2,,,,,,,,,not_applicable,False,1.0,1.0,9.49323358753082e-07,9.013504201557361e-07,False,211,1.2983229160308838,c2.00_beta6_rho1.00,2.0,6,1.0,800
False,4,2,,,,,,,,,not_applicable,False,1.0,1.0,9.513078452246875e-07,7.547555056815352e-07,False,212,1.3104519844055176,c2.00_beta6_rho1.00,2.0,6,1.0,800
False,4,3,,,,,,,,,not_applicable,False,1.0,1.0,5.612318145481638e-07,8.931274820876192e-07,False,213,1.1144819259643555,c2.00_beta6_rho1.00,2.0,6,1.0,800
True,4,4,0.8095846343540284,2.6217091207285836,2.4748697132180535,0.4734478507203667,3.1151682513163594,0.9018899777200969,272.8639178689109,2.4240096813284638e-54,meaningfully_different,True,1.0,1.0,9.89019566067019e-07,9.750501250434018e-07,True,214,0.8069071769714355,c2.00_beta6_rho1.00,2.0,6,1.0,800
False,4,3,,,,,,,,,not_applicable,False,1.0,1.0,8.887866945866153e-07,9.878986571312012e-07,False,215,0.9984719753265381,c2.00_beta6_rho1.00,2.0,6,1.0,800
False,4,3,,,,,,,,,not_applicable,False,1.0,1.0,8.401365431865951e-07,8.539059495235865e-07,False,216,1.386542797088623,c2.00_beta6_rho1.00,2.0,6,1.0,800
False,4,2,,,,,,,,,not_applicable,False,1.0,1.0,9.465440306339079e-07,9.04282206830324e-07,False,217,2.642552137374878,c2.00_beta6_rho1.00,2.0,6,1.0,800
False,4,3,,,,,,,,,not_applicable,False,1.0,1.0,9.680368829610502e-07,9.535551803151291e-07,False,218,0.9116506576538086,c2.00_beta6_rho1.00,2.0,6,1.0,800
True,4,4,0.7959852909673093,2.534370333745248,2.3536377501287813,0.4902682785194159,2.7610143454858944,0.8888275010133712,212.10099466830522,1.7930128689979092e-41,meaningfully_different,True,1.0,1.0,9.652608023518655e-07,9.488477728520853e-07,True,219,0.8528928756713867,c2.00_beta6_rho1.00,2.0,6,1.0,800
True,4,4,0.8209579265708637,2.695887668798127,2.533403485672901,0.498237551637815,3.077655388744326,0.9155505624442298,230.43166079649532,2.399618810174832e-45,meaningfully_different,True,1.0,1.0,9.592713272702282e-07,9.842871026783578e-07,True,220,0.802487850189209,c2.00_beta6_rho1.00,2.0,6,1.0,800
False,4,2,,,,,,,,,not_applicable,False,1.0,1.0,9.783889334133826e-07,9.082157290692842e-07,False,221,1.2267160415649414,c2.00_beta6_rho1.00,2.0,6,1.0,800
False,4,3,,,,,,,,,not_applicable,False,1.0,1.0,7.089835661151242e-07,9.745336387697162e-07,False,222,1.5300960540771484,c2.00_beta6_rho1.00,2.0,6,1.0,800
False,4,3,,,,,,,,,not_applicable,False,1.0,1.0,7.395847819149072e-07,9.126428324384543e-07,False,223,1.3258056640625,c2.00_beta6_rho1.00,2.0,6,1.0,800
False,4,2,,,,,,,,,not_applicable,False,1.0,1.0,8.961262525885592e-07,9.272796613201203e-07,False,224,1.5033726692199707,c2.00_beta6_rho1.00,2.0,6,1.0,800
True,4,4,0.7823758689475889,2.4484480012459793,2.353598491516732,0.3705077223281139,3.6533610770952123,0.8606726239403777,271.71362902964825,4.25454433438187e-54,meaningfully_different,True,1.0,1.0,9.51264515068862e-07,9.896167634398434e-07,True,225,0.7319052219390869,c2.00_beta6_rho1.00,2.0,6,1.0,800
False,4,3,,,,,,,,,not_applicable,False,1.0,1.0,5.785517996352088e-07,9.780435804453633e-07,False,226,1.4938502311706543,c2.00_beta6_rho1.00,2.0,6,1.0,800
False,4,3,,,,,,,,,not_applicable,False,1.0,1.0,9.799824713430562e-07,8.284797869273225e-07,False,227,1.3994152545928955,c2.00_beta6_rho1.00,2.0,6,1.0,800
False,4,3,,,,,,,,,not_applicable,False,1.0,1.0,8.899750423467498e-07,9.820380473664804e-07,False,228,1.0115158557891846,c2.00_beta6_rho1.00,2.0,6,1.0,800
False,4,3,,,,,,,,,not_applicable,False,1.0,1.0,9.62926938780376e-07,9.997806735075117e-07,False,229,1.388801097869873,c2.00_beta6_rho1.00,2.0,6,1.0,800
False,4,3,,,,,,,,,not_applicable,False,1.0,1.0,8.621839362884534e-07,9.264900247639695e-07,False,230,1.112818956375122,c2.00_beta6_rho1.00,2.0,6,1.0,800
False,4,3,,,,,,,,,not_applicable,False,1.0,1.0,9.97099945250193e-07,9.043021481917771e-07,False,231,0.8939688205718994,c2.00_beta6_rho1.00,2.0,6,1.0,800
False,4,3,,,,,,,,,not_applicable,False,1.0,1.0,8.846997389651006e-07,9.82385588055836e-07,False,232,1.089043140411377,c2.00_beta6_rho1.00,2.0,6,1.0,800
True,4,4,0.7918720838632354,2.5082455888076116,2.3759455760884562,0.42824226519020925,3.2130074211084994,0.8775450728026005,257.83312048364064,3.7598379983922927e-51,meaningfully_different,True,1.0,1.0,9.6186656941377e-07,9.688575834277143e-07,True,233,0.783207893371582,c2.00_beta6_rho1.00,2.0,6,1.0,800
False,4,3,,,,,,,,,not_applicable,False,1.0,1.0,7.81121315792694e-07,9.791554441954054e-07,False,234,1.1698570251464844,c2.00_beta6_rho1.00,2.0,6,1.0,800
True,4,4,0.7707327009829732,2.3761155854580367,2.2658071974538787,0.38720261246911275,3.269108101781861,0.8518654264229157,243.16765408645105,4.8311472014721314e-48,meaningfully_different,True,1.0,1.0,6.626788485039729e-07,9.692003105739193e-07,True,235,0.7401721477508545,c2.00_beta6_rho1.00,2.0,6,1.0,800
False,4,3,,,,,,,,,not_applicable,False,1.0,1.0,8.429689570289068e-07,9.057469301479317e-07,False,236,1.7342369556427002,c2.00_beta6_rho1.00,2.0,6,1.0,800
False,4,3,,,,,,,,,not_applicable,False,1.0,1.0,9.734793061528198e-07,9.329354368997331e-07,False,237,0.9007697105407715,c2.00_beta6_rho1.00,2.0,6,1.0,800
False,4,3,,,,,,,,,not_applicable,False,1.0,1.0,8.255954469791566e-07,8.395771550557938e-07,False,238,0.8602018356323242,c2.00_beta6_rho1.00,2.0,6,1.0,800
True,4,4,0.8466990830519977,2.867597348964375,2.6785416126153088,0.5460640915707303,3.073891212635965,0.9456131759582489,228.32683603932196,6.688807565596229e-45,meaningfully_different,True,1.0,1.0,5.470270923226292e-07,9.987528127172446e-07,True,239,0.8613698482513428,c2.00_beta6_rho1.00,2.0,6,1.0,800
False,4,2,,,,,,,,,not_applicable,False,1.0,1.0,6.942619659514796e-07,9.044910271878676e-07,False,240,1.3498988151550293,c2.00_beta6_rho1.00,2.0,6,1.0,800
False,4,2,,,,,,,,,not_applicable,False,1.0,1.0,7.379386590425195e-07,9.521377804704597e-07,False,241,1.093966007232666,c2.00_beta6_rho1.00,2.0,6,1.0,800
False,4,2,,,,,,,,,not_applicable,False,1.0,1.0,8.28783163991504e-07,8.554608042766759e-07,False,242,1.9907941818237305,c2.00_beta6_rho1.00,2.0,6,1.0,800
False,4,3,,,,,,,,,not_applicable,False,1.0,1.0,9.397651874377268e-07,9.441383534118266e-07,False,243,1.0235247611999512,c2.00_beta6_rho1.00,2.0,6,1.0,800
True,4,4,0.824307434506687,2.7179309863319845,2.4844167017712,0.7548625443654213,1.9664728537022351,0.9651496122001604,252.8283691133152,4.331117507547504e-50,meaningfully_different,True,1.0,1.0,6.359345496331117e-07,9.590674795161138e-07,True,244,0.8483152389526367,c2.00_beta6_rho1.00,2.0,6,1.0,800
False,4,3,,,,,,,,,not_applicable,False,1.0,1.0,8.636506316733224e-07,9.834314763288479e-07,False,245,0.8855149745941162,c2.00_beta6_rho1.00,2.0,6,1.0,800
True,4,4,0.8332763712453585,2.77739804350333,2.4679151661969385,0.8521502675799648,1.7226013087641154,0.9835621008016615,258.84257405386074,2.296256395916677e-51,meaningfully_different,True,1.0,1.0,8.549888778177674e-07,9.798299675506158e-07,True,246,0.8901851177215576,c2.00_beta6_rho1.00,2.0,6,1.0,800
False,4,2,,,,,,,,,not_applicable,False,1.0,1.0,9.627732323930843e-07,7.673717855054881e-07,False,247,2.493868112564087,c2.00_beta6_rho1.00,2.0,6,1.0,800
True,4,4,0.8536320606033755,2.91475077955986,2.6858457719073123,0.7112693027941352,2.3701933505138935,0.9818069647781444,225.4646327279634,2.6951241621762684e-44,meaningfully_different,True,1.0,1.0,9.266063654120191e-07,9.506916400596669e-07,True,248,0.8893609046936035,c2.00_beta6_rho1.00,2.0,6,1.0,800
True,4,4,0.9383994296642284,3.5223739583765967,2.982036220830152,1.326591482407551,1.494081823315399,1.1362311639969156,240.26487169256887,1.9900564200282935e-47,inconclusive,True,1.0,1.0,6.130880222807091e-07,9.554239831943122e-07,True,249,1.0045502185821533,c2.00_beta6_rho1.00,2.0,6,1.0,800
False,4,3,,,,,,,,,not_applicable,False,1.0,1.0,9.405121165924298e-07,9.593425065880498e-07,False,250,1.1529781818389893,c2.00_beta6_rho1.00,2.0,6,1.0,800
False,4,3,,,,,,,,,not_applicable,False,1.0,1.0,8.865176687755851e-07,9.14998595842078e-07,False,251,8.331299066543579,c2.00_beta6_rho1.00,2.0,6,1.0,800
False,4,2,,,,,,,,,not_applicable,False,1.0,1.0,6.216080245072133e-07,9.91534889005291e-07,False,252,1.1666841506958008,c2.00_beta6_rho1.00,2.0,6,1.0,800
False,4,2,,,,,,,,,not_applicable,False,1.0,1.0,8.024350935998847e-07,9.9359202541776e-07,False,253,2.0106570720672607,c2.00_beta6_rho1.00,2.0,6,1.0,800
False,4,2,,,,,,,,,not_applicable,False,1.0,1.0,9.536530946079345e-07,9.736600103418639e-07,False,254,1.8898108005523682,c2.00_beta6_rho1.00,2.0,6,1.0,800
False,4,3,,,,,,,,,not_applicable,False,1.0,1.0,7.768388243862944e-07,9.99714757894874e-07,False,255,0.9946920871734619,c2.00_beta6_rho1.00,2.0,6,1.0,800
False,4,3,,,,,,,,,not_applicable,False,1.0,1.0,8.356510036834122e-07,9.012564024543163e-07,False,256,1.2267870903015137,c2.00_beta6_rho1.00,2.0,6,1.0,800
False,4,3,,,,,,,,,not_applicable,False,1.0,1.0,8.615864263758582e-07,9.362216219512545e-07,False,257,1.3510382175445557,c2.00_beta6_rho1.00,2.0,6,1.0,800
True,4,4,0.9273650200357292,3.440023521543474,2.6545237466565563,1.807226759756691,0.915504231953331,1.1860804396378546,274.5994976832831,1.0371894159322252e-54,inconclusive,True,1.0,1.0,7.433598341351975e-07,9.60921908441508e-07,True,258,0.995460033416748,c2.00_beta6_rho1.00,2.0,6,1.0,800
False,4,3,,,,,,,,,not_applicable,False,1.0,1.0,7.14705362294128e-07,9.628483928238498e-07,False,259,1.7428009510040283,c2.00_beta6_rho1.00,2.0,6,1.0,800
False,4,3,,,,,,,,,not_applicable,False,1.0,1.0,8.810799642996706e-07,9.08769688250741e-07,False,260,0.9035749435424805,c2.00_beta6_rho1.00,2.0,6,1.0,800
False,4,3,,,,,,,,,not_applicable,False,1.0,1.0,9.480075959214757e-07,9.904557974717005e-07,False,261,2.6214170455932617,c2.00_beta6_rho1.00,2.0,6,1.0,800
True,4,4,0.9091063447594329,3.305897384327427,2.7230146895532306,1.5056694851564627,1.1443512049220963,1.1401338302150097,347.4505651025438,3.1697664372358315e-70,inconclusive,True,1.0,1.0,8.43336121159133e-07,9.549756153276443e-07,True,262,0.9725329875946045,c2.00_beta6_rho1.00,2.0,6,1.0,800
False,4,3,,,,,,,,,not_applicable,False,1.0,1.0,5.732456852335707e-07,8.877372599175629e-07,False,263,0.9881079196929932,c2.00_beta6_rho1.00,2.0,6,1.0,800
False,4,2,,,,,,,,,not_applicable,False,1.0,1.0,6.749381618597604e-07,9.486113743624238e-07,False,264,1.4162869453430176,c2.00_beta6_rho1.00,2.0,6,1.0,800
False,4,3,,,,,,,,,not_applicable,False,1.0,1.0,8.81012614613771e-07,9.194360387153535e-07,False,265,1.2339179515838623,c2.00_beta6_rho1.00,2.0,6,1.0,800
False,4,3,,,,,,,,,not_applicable,False,1.0,1.0,9.872121436932316e-07,9.672276144865436e-07,False,266,1.9367008209228516,c2.00_beta6_rho1.00,2.0,6,1.0,800
False,4,3,,,,,,,,,not_applicable,False,1.0,1.0,7.879334065679756e-07,9.967992306765581e-07,False,267,3.315297842025757,c2.00_beta6_rho1.00,2.0,6,1.0,800
False,4,2,,,,,,,,,not_applicable,False,1.0,1.0,9.451405398354965e-07,8.809769232091134e-07,False,268,1.4914119243621826,c2.00_beta6_rho1.00,2.0,6,1.0,800
False,4,2,,,,,,,,,not_applicable,False,1.0,1.0,8.708639415956321e-07,9.886579408700244e-07,False,269,1.2585930824279785,c2.00_beta6_rho1.00,2.0,6,1.0,800
False,4,2,,,,,,,,,not_applicable,False,1.0,1.0,6.107877546850718e-07,9.447567717449529e-07,False,270,5.925309896469116,c2.00_beta6_rho1.00,2.0,6,1.0,800
True,4,4,0.9045844957774127,3.273092440003504,3.0407462602988886,0.6220025190296316,3.2809292532811587,1.0079495721138199,307.9204491751634,8.48179903578422e-62,meaningfully_different,True,1.0,1.0,8.029397117809878e-07,9.465200353550173e-07,True,271,0.8713600635528564,c2.00_beta6_rho1.00,2.0,6,1.0,800
False,4,3,,,,,,,,,not_applicable,False,1.0,1.0,8.220129773954138e-07,9.393462265602793e-07,False,272,0.9738800525665283,c2.00_beta6_rho1.00,2.0,6,1.0,800
False,4,2,,,,,,,,,not_applicable,False,1.0,1.0,8.79811258350257e-07,9.475185140942436e-07,False,273,1.4368970394134521,c2.00_beta6_rho1.00,2.0,6,1.0,800
False,4,3,,,,,,,,,not_applicable,False,1.0,1.0,7.721297286036463e-07,9.92708031978948e-07,False,274,1.1336770057678223,c2.00_beta6_rho1.00,2.0,6,1.0,800
True,4,4,0.8604001076073396,2.961153380682887,2.6948044737181673,0.8211274660784194,2.0639968138105247,1.0056638310696482,281.2516500825821,4.002409647821021e-56,meaningfully_different,True,1.0,1.0,8.643556576460414e-07,9.264517216042129e-07,True,275,0.8584620952606201,c2.00_beta6_rho1.00,2.0,6,1.0,800
False,4,3,,,,,,,,,not_applicable,False,1.0,1.0,8.128139632844877e-07,9.961978615446874e-07,False,276,1.3513078689575195,c2.00_beta6_rho1.00,2.0,6,1.0,800
False,4,3,,,,,,,,,not_applicable,False,1.0,1.0,7.606685634595194e-07,9.407548985614799e-07,False,277,1.1678247451782227,c2.00_beta6_rho1.00,2.0,6,1.0,800
False,4,3,,,,,,,,,not_applicable,False,1.0,1.0,9.488233633126026e-07,9.899771842631484e-07,False,278,1.2911548614501953,c2.00_beta6_rho1.00,2.0,6,1.0,800
False,4,2,,,,,,,,,not_applicable,False,1.0,1.0,8.575843800103576e-07,7.61607770360003e-07,False,279,1.2802181243896484,c2.00_beta6_rho1.00,2.0,6,1.0,800
False,4,3,,,,,,,,,not_applicable,False,1.0,1.0,9.860040750772276e-07,9.834856207610099e-07,False,280,1.2603681087493896,c2.00_beta6_rho1.00,2.0,6,1.0,800
False,4,3,,,,,,,,,not_applicable,False,1.0,1.0,8.66259484743941e-07,9.340664830971035e-07,False,281,0.8671069145202637,c2.00_beta6_rho1.00,2.0,6,1.0,800
False,4,2,,,,,,,,,not_applicable,False,1.0,1.0,9.949448353958288e-07,7.945050444090899e-07,False,282,1.082486867904663,c2.00_beta6_rho1.00,2.0,6,1.0,800
False,4,3,,,,,,,,,not_applicable,False,1.0,1.0,9.722561848658744e-07,9.913232696848975e-07,False,283,1.0112059116363525,c2.00_beta6_rho1.00,2.0,6,1.0,800
False,4,2,,,,,,,,,not_applicable,False,1.0,1.0,6.22706314695403e-07,9.10153901519814e-07,False,284,1.513489007949829,c2.00_beta6_rho1.00,2.0,6,1.0,800
False,4,3,,,,,,,,,not_applicable,False,1.0,1.0,8.31064421828334e-07,9.383349497642826e-07,False,285,1.1562409400939941,c2.00_beta6_rho1.00,2.0,6,1.0,800
False,4,3,,,,,,,,,not_applicable,False,1.0,1.0,6.236196319289919e-07,9.375607413004747e-07,False,286,1.3264780044555664,c2.00_beta6_rho1.00,2.0,6,1.0,800
True,4,4,0.84195317306892,2.835540582563291,2.630669766309948,0.5632653650946059,2.8950293544785257,0.9430215857844872,276.2969973999003,4.520862130289954e-55,meaningfully_different,True,1.0,1.0,9.700948943704257e-07,9.593889616822117e-07,True,287,0.8488729000091553,c2.00_beta6_rho1.00,2.0,6,1.0,800
False,4,3,,,,,,,,,not_applicable,False,1.0,1.0,9.575236629503149e-07,9.828644153238206e-07,False,288,1.377032995223999,c2.00_beta6_rho1.00,2.0,6,1.0,800
True,4,4,0.884152030755432,3.126899253955818,2.8447668552712213,0.7348765976993727,2.5103083443485685,1.006669172613177,291.67784867658315,2.428806643362887e-58,meaningfully_different,True,1.0,1.0,6.11065166478701e-07,9.839745497163435e-07,True,289,0.8968019485473633,c2.00_beta6_rho1.00,2.0,6,1.0,800
True,4,4,0.7617982256417918,2.3213461463639296,2.01531871043231,0.7739796803221299,1.3118157184820858,0.9066975784125745,269.14682733249634,1.4926315118605438e-53,inconclusive,True,1.0,1.0,6.89572383836818e-07,9.902097349571688e-07,True,290,0.8655800819396973,c2.00_beta6_rho1.00,2.0,6,1.0,800
False,4,3,,,,,,,,,not_applicable,False,1.0,1.0,7.84080740839485e-07,8.553608392403624e-07,False,291,1.353990077972412,c2.00_beta6_rho1.00,2.0,6,1.0,800
False,4,2,,,,,,,,,not_applicable,False,1.0,1.0,7.963921621479133e-07,9.630266261015844e-07,False,292,1.5405380725860596,c2.00_beta6_rho1.00,2.0,6,1.0,800
False,4,3,,,,,,,,,not_applicable,False,1.0,1.0,8.557009994073461e-07,9.796572209896146e-07,False,293,0.9223999977111816,c2.00_beta6_rho1.00,2.0,6,1.0,800
False,4,3,,,,,,,,,not_applicable,False,1.0,1.0,8.461368461078051e-07,9.059360145080518e-07,False,294,2.387024164199829,c2.00_beta6_rho1.00,2.0,6,1.0,800
False,4,3,,,,,,,,,not_applicable,False,1.0,1.0,7.868665500039373e-07,9.917423169169817e-07,False,295,0.9226500988006592,c2.00_beta6_rho1.00,2.0,6,1.0,800
False,4,3,,,,,,,,,not_applicable,False,1.0,1.0,9.864319741288853e-07,8.898626788269333e-07,False,296,0.9658899307250977,c2.00_beta6_rho1.00,2.0,6,1.0,800
False,4,2,,,,,,,,,not_applicable,False,1.0,1.0,8.157161992129008e-07,9.752302043431761e-07,False,297,1.1365940570831299,c2.00_beta6_rho1.00,2.0,6,1.0,800
False,4,3,,,,,,,,,not_applicable,False,1.0,1.0,8.911323450354311e-07,9.812788192744852e-07,False,298,1.2264809608459473,c2.00_beta6_rho1.00,2.0,6,1.0,800
False,4,3,,,,,,,,,not_applicable,False,1.0,1.0,9.30170650276667e-07,8.515976610403675e-07,False,299,1.6179828643798828,c2.00_beta6_rho1.00,2.0,6,1.0,800
False,4,2,,,,,,,,,not_applicable,False,1.0,1.0,8.116811431487788e-07,9.82727235959907e-07,False,300,1.105295181274414,c2.00_beta6_rho1.00,2.0,6,1.0,800
False,4,3,,,,,,,,,not_applicable,False,1.0,1.0,6.605995693094883e-07,9.288429378473693e-07,False,301,0.9405350685119629,c2.00_beta6_rho1.00,2.0,6,1.0,800
False,4,2,,,,,,,,,not_applicable,False,1.0,1.0,6.960055197036019e-07,8.043675647297646e-07,False,302,2.150830030441284,c2.00_beta6_rho1.00,2.0,6,1.0,800
False,4,3,,,,,,,,,not_applicable,False,1.0,1.0,7.365155749843691e-07,9.983608534137707e-07,False,303,1.09804105758667,c2.00_beta6_rho1.00,2.0,6,1.0,800
False,4,3,,,,,,,,,not_applicable,False,1.0,1.0,8.881068428307549e-07,9.045309781153231e-07,False,304,0.9423751831054688,c2.00_beta6_rho1.00,2.0,6,1.0,800
True,4,4,0.7578480216080011,2.297334495420645,2.147544597260249,0.4817816038843982,2.3818771576334377,0.8573221121328901,276.6559351925683,3.792783631880913e-55,meaningfully_different,True,1.0,1.0,9.427336049125859e-07,9.446483759250961e-07,True,305,0.7584271430969238,c2.00_beta6_rho1.00,2.0,6,1.0,800
True,4,4,0.9375623500918374,3.5160926412389166,2.3174653352529377,2.6509145700567474,0.49698521036260146,1.2920750539877008,280.8936059985652,4.768941956067732e-56,inconclusive,True,1.0,1.0,8.314619890303099e-07,9.690233153159038e-07,True,306,1.0378222465515137,c2.00_beta6_rho1.00,2.0,6,1.0,800
False,4,3,,,,,,,,,not_applicable,False,1.0,1.0,7.009928215510729e-07,9.482090167670394e-07,False,307,1.1728739738464355,c2.00_beta6_rho1.00,2.0,6,1.0,800
True,4,4,0.7414031230587997,2.198714363525367,2.0715185036039925,0.3991005573485448,2.6848333931746624,0.8258299617471354,257.29298198401284,4.894944836152365e-51,meaningfully_different,True,1.0,1.0,9.662758655772775e-07,9.951547259554743e-07,True,308,0.7794020175933838,c2.00_beta6_rho1.00,2.0,6,1.0,800
False,4,2,,,,,,,,,not_applicable,False,1.0,1.0,7.145538745213193e-07,7.273473610451877e-07,False,309,1.4696540832519531,c2.00_beta6_rho1.00,2.0,6,1.0,800
True,4,4,0.785015899577052,2.4649998503550727,2.3234635083712867,0.47948426936475763,2.760181288376094,0.8820636241085567,244.6210118424694,2.3777014784417148e-48,meaningfully_different,True,1.0,1.0,9.134131144441793e-07,9.949722422896928e-07,True,310,0.7986879348754883,c2.00_beta6_rho1.00,2.0,6,1.0,800
False,4,2,,,,,,,,,not_applicable,False,1.0,1.0,8.474571039254964e-07,7.972613624567463e-07,False,311,1.3818261623382568,c2.00_beta6_rho1.00,2.0,6,1.0,800
True,4,4,0.8552041678576977,2.9254966748847084,2.3249925535924567,1.4249933509486887,0.929823674412476,1.0803816496130128,222.99623694739455,8.961288841570358e-44,inconclusive,True,1.0,1.0,8.845150199291334e-07,9.818785368434637e-07,True,312,1.0009169578552246,c2.00_beta6_rho1.00,2.0,6,1.0,800
False,4,3,,,,,,,,,not_applicable,False,1.0,1.0,7.181894318273483e-07,9.772817100909918e-07,False,313,0.9721682071685791,c2.00_beta6_rho1.00,2.0,6,1.0,800
False,4,3,,,,,,,,,not_applicable,False,1.0,1.0,8.581255529807571e-07,9.644743273027272e-07,False,314,1.1989161968231201,c2.00_beta6_rho1.00,2.0,6,1.0,800
False,4,3,,,,,,,,,not_applicable,False,1.0,1.0,8.722411659965999e-07,9.732928400347634e-07,False,315,6.406044960021973,c2.00_beta6_rho1.00,2.0,6,1.0,800
True,4,4,0.7264268018999522,2.1107835940743698,1.087232169637786,1.9398132013320903,0.04496936590486278,1.0341591934341179,255.6512688847843,1.091357004440038e-50,inconclusive,True,1.0,1.0,8.109897533524716e-07,9.893374860505848e-07,True,316,0.8901019096374512,c2.00_beta6_rho1.00,2.0,6,1.0,800
False,4,3,,,,,,,,,not_applicable,False,1.0,1.0,9.261761287051905e-07,9.945494258199213e-07,False,317,1.1504778861999512,c2.00_beta6_rho1.00,2.0,6,1.0,800
False,4,2,,,,,,,,,not_applicable,False,1.0,1.0,6.915613269773424e-07,9.794131744299086e-07,False,318,2.7085840702056885,c2.00_beta6_rho1.00,2.0,6,1.0,800
False,4,2,,,,,,,,,not_applicable,False,1.0,1.0,8.324195003652994e-07,9.581063828173206e-07,False,319,4.812335968017578,c2.00_beta6_rho1.00,2.0,6,1.0,800
False,4,2,,,,,,,,,not_applicable,False,1.0,1.0,7.165496964518785e-07,7.362119889077277e-07,False,320,1.2852158546447754,c2.00_beta6_rho1.00,2.0,6,1.0,800
True,4,4,0.7990882259586605,2.5541679714630368,2.372840212474599,0.6265944210912067,2.1909550520475656,0.9224283601768254,282.7315259445056,1.9398101147165574e-56,meaningfully_different,True,1.0,1.0,7.130113095847553e-07,9.85793489627432e-07,True,321,0.8013081550598145,c2.00_beta6_rho1.00,2.0,6,1.0,800
True,4,4,0.8540296835574842,2.9174668015891863,2.550046571285866,0.9356109158036963,1.656721341215184,1.0110625079045514,258.6967739003303,2.4657673923518803e-51,meaningfully_different,True,1.0,1.0,8.623515707243038e-07,9.65824783167207e-07,True,322,0.9507498741149902,c2.00_beta6_rho1.00,2.0,6,1.0,800
False,4,3,,,,,,,,,not_applicable,False,1.0,1.0,9.055471478443881e-07,9.870819595735626e-07,False,323,1.167236089706421,c2.00_beta6_rho1.00,2.0,6,1.0,800
False,4,2,,,,,,,,,not_applicable,False,1.0,1.0,9.247756920343587e-07,7.928802776549395e-07,False,324,1.1723248958587646,c2.00_beta6_rho1.00,2.0,6,1.0,800
True,4,4,0.8721750637176325,3.042757367083426,2.7630577183635836,0.7451030800371841,2.366193035030266,0.9985793936907894,284.9798281070773,6.453466270067581e-57,meaningfully_different,True,1.0,1.0,7.037476380868273e-07,9.428705714056992e-07,True,325,0.8998260498046875,c2.00_beta6_rho1.00,2.0,6,1.0,800
False,4,3,,,,,,,,,not_applicable,False,1.0,1.0,9.365547499345831e-07,8.277063124331755e-07,False,326,1.1649110317230225,c2.00_beta6_rho1.00,2.0,6,1.0,800
False,4,3,,,,,,,,,not_applicable,False,1.0,1.0,9.96853302645068e-07,9.080514258792255e-07,False,327,0.8607268333435059,c2.00_beta6_rho1.00,2.0,6,1.0,800
False,4,3,,,,,,,,,not_applicable,False,1.0,1.0,9.37590498203527e-07,8.86354180835957e-07,False,328,1.2473680973052979,c2.00_beta6_rho1.00,2.0,6,1.0,800
True,4,4,0.885607878722968,3.137205259424781,2.8066284407368722,0.8318760211926155,2.1717520336104976,1.0216338301183925,221.58284452230805,1.7826895795317749e-43,meaningfully_different,True,1.0,1.0,7.412287247964894e-07,9.682453153798954e-07,True,329,0.9669370651245117,c2.00_beta6_rho1.00,2.0,6,1.0,800
False,4,3,,,,,,,,,not_applicable,False,1.0,1.0,8.389440984385502e-07,9.471131537432765e-07,False,330,1.125126838684082,c2.00_beta6_rho1.00,2.0,6,1.0,800
False,4,3,,,,,,,,,not_applicable,False,1.0,1.0,9.220726186733369e-07,9.342018506124976e-07,False,331,0.9335191249847412,c2.00_beta6_rho1.00,2.0,6,1.0,800
False,4,2,,,,,,,,,not_applicable,False,1.0,1.0,9.338272435400426e-07,8.182930915290995e-07,False,332,2.295728921890259,c2.00_beta6_rho1.00,2.0,6,1.0,800
False,4,3,,,,,,,,,not_applicable,False,1.0,1.0,8.833741629971536e-07,9.904901983037773e-07,False,333,0.9941518306732178,c2.00_beta6_rho1.00,2.0,6,1.0,800
True,4,4,0.812073053726707,2.6378505783560766,2.367276539171208,0.6903882130614688,1.9804459480965566,0.9357969992778763,221.93623082924853,1.5010535766600279e-43,meaningfully_different,True,1.0,1.0,9.679234273722916e-07,9.450866699875004e-07,True,334,0.9101347923278809,c2.00_beta6_rho1.00,2.0,6,1.0,800
False,4,2,,,,,,,,,not_applicable,False,1.0,1.0,8.222012545824316e-07,8.520969589817734e-07,False,335,1.1146550178527832,c2.00_beta6_rho1.00,2.0,6,1.0,800
False,4,3,,,,,,,,,not_applicable,False,1.0,1.0,9.695336712962856e-07,9.477786965975065e-07,False,336,5.192152976989746,c2.00_beta6_rho1.00,2.0,6,1.0,800
True,4,4,0.8739339554864407,3.0550422342087042,2.7284497258766507,0.8840178584936526,1.9552203717036802,1.0225616982253207,253.80211774263756,2.692288564200795e-50,meaningfully_different,True,1.0,1.0,8.722778631920611e-07,9.561836034866532e-07,True,337,0.9101157188415527,c2.00_beta6_rho1.00,2.0,6,1.0,800
False,4,3,,,,,,,,,not_applicable,False,1.0,1.0,7.090178369795908e-07,9.753114258285982e-07,False,338,1.778724193572998,c2.00_beta6_rho1.00,2.0,6,1.0,800
False,4,3,,,,,,,,,not_applicable,False,1.0,1.0,9.61624268060169e-07,9.501038123818981e-07,False,339,1.4457669258117676,c2.00_beta6_rho1.00,2.0,6,1.0,800
True,4,4,0.8924324994705214,3.1857430644448086,2.82812360756946,0.9026346002673623,2.025319666482944,1.0383671561195398,194.8911867735558,7.611836016702047e-38,meaningfully_different,True,1.0,1.0,9.62827020665391e-07,9.542096983007466e-07,True,340,0.9488852024078369,c2.00_beta6_rho1.00,2.0,6,1.0,800
False,4,3,,,,,,,,,not_applicable,False,1.0,1.0,9.158659592532007e-07,9.955756216544331e-07,False,341,1.0226519107818604,c2.00_beta6_rho1.00,2.0,6,1.0,800
False,4,3,,,,,,,,,not_applicable,False,1.0,1.0,9.449838492694238e-07,9.050684558731089e-07,False,342,1.0631699562072754,c2.00_beta6_rho1.00,2.0,6,1.0,800
True,4,4,0.8221571587324634,2.703769574620148,2.5681758812603688,0.4883892862816197,3.210913763485205,0.918082889798755,217.5397561335386,1.2742341043870628e-42,meaningfully_different,True,1.0,1.0,5.987630251616685e-07,9.661677824628431e-07,True,343,0.784113883972168,c2.00_beta6_rho1.00,2.0,6,1.0,800
True,4,4,0.7982900484226827,2.5490680056427566,2.3827723848158198,0.44153335127194693,3.131750706560216,0.8816221014521357,269.8945272080079,1.035569057884713e-53,meaningfully_different,True,1.0,1.0,6.172346823632372e-07,9.72885788447063e-07,True,344,0.8095040321350098,c2.00_beta6_rho1.00,2.0,6,1.0,800
True,4,4,0.8646060424510869,2.9901744345717223,2.681716666892957,0.8005451759259462,2.1007142600638478,0.9998120202134566,281.53160082830925,3.4899398338309104e-56,meaningfully_different,True,1.0,1.0,8.151644260343611e-07,9.852686487336073e-07,True,345,0.8914749622344971,c2.00_beta6_rho1.00,2.0,6,1.0,800
False,4,3,,,,,,,,,not_applicable,False,1.0,1.0,9.932449396384618e-07,9.605331825517389e-07,False,346,1.5802810192108154,c2.00_beta6_rho1.00,2.0,6,1.0,800
False,4,3,,,,,,,,,not_applicable,False,1.0,1.0,7.348899580891497e-07,8.782387416136861e-07,False,347,0.8733549118041992,c2.00_beta6_rho1.00,2.0,6,1.0,800
False,4,3,,,,,,,,,not_applicable,False,1.0,1.0,7.474805230576472e-07,9.557679300063927e-07,False,348,1.106896162033081,c2.00_beta6_rho1.00,2.0,6,1.0,800
False,4,2,,,,,,,,,not_applicable,False,1.0,1.0,8.685660337187856e-07,8.340201850618665e-07,False,349,1.4333570003509521,c2.00_beta6_rho1.00,2.0,6,1.0,800
False,4,3,,,,,,,,,not_applicable,False,1.0,1.0,7.928155842276067e-07,9.779836842988706e-07,False,350,3.0280680656433105,c2.00_beta6_rho1.00,2.0,6,1.0,800
True,4,4,0.8957112782325872,3.209194775812221,2.609133294062567,1.507333136002093,1.0675366019820138,1.127882492753539,245.99503544602257,1.2162691013012137e-48,inconclusive,True,1.0,1.0,9.075888305090289e-07,9.949449258379678e-07,True,351,0.9516551494598389,c2.00_beta6_rho1.00,2.0,6,1.0,800
True,4,4,0.9064777693157313,3.2868077850544966,2.625234788874199,1.5191797770306175,1.0698107053866108,1.1318196803283571,219.93761087604446,3.969287223503509e-43,inconclusive,True,1.0,1.0,9.473181395226872e-07,9.740803679422724e-07,True,352,0.9600598812103271,c2.00_beta6_rho1.00,2.0,6,1.0,800
False,4,3,,,,,,,,,not_applicable,False,1.0,1.0,9.659421309654364e-07,9.859562089136181e-07,False,353,1.9050939083099365,c2.00_beta6_rho1.00,2.0,6,1.0,800
False,4,2,,,,,,,,,not_applicable,False,1.0,1.0,9.414152942332101e-07,6.339728432707022e-07,False,354,1.2146649360656738,c2.00_beta6_rho1.00,2.0,6,1.0,800
False,4,3,,,,,,,,,not_applicable,False,1.0,1.0,9.932471416929253e-07,9.749087404201702e-07,False,355,1.4848229885101318,c2.00_beta6_rho1.00,2.0,6,1.0,800
False,4,3,,,,,,,,,not_applicable,False,1.0,1.0,9.292069021431204e-07,8.958242830396774e-07,False,356,2.2595090866088867,c2.00_beta6_rho1.00,2.0,6,1.0,800
False,4,3,,,,,,,,,not_applicable,False,1.0,1.0,7.544323401019267e-07,9.646163829701341e-07,False,357,0.9737770557403564,c2.00_beta6_rho1.00,2.0,6,1.0,800
False,4,3,,,,,,,,,not_applicable,False,1.0,1.0,8.43926860762005e-07,9.316180879263846e-07,False,358,1.28460693359375,c2.00_beta6_rho1.00,2.0,6,1.0,800
False,4,3,,,,,,,,,not_applicable,False,1.0,1.0,7.523699901790508e-07,9.71618214861378e-07,False,359,1.0680489540100098,c2.00_beta6_rho1.00,2.0,6,1.0,800
False,4,2,,,,,,,,,not_applicable,False,1.0,1.0,7.868464321153677e-07,8.610355084886684e-07,False,360,1.329369068145752,c2.00_beta6_rho1.00,2.0,6,1.0,800
False,4,3,,,,,,,,,not_applicable,False,1.0,1.0,9.50930073407974e-07,9.691252201121545e-07,False,361,1.108375072479248,c2.00_beta6_rho1.00,2.0,6,1.0,800
False,4,2,,,,,,,,,not_applicable,False,1.0,1.0,9.87378721621565e-07,8.577986724204861e-07,False,362,1.664811134338379,c2.00_beta6_rho1.00,2.0,6,1.0,800
True,4,4,0.8494234557894751,2.8860808289813376,2.7435814272616943,0.45874385247530614,3.800773389885481,0.9351668189215484,279.03396847592,1.184800197748575e-55,meaningfully_different,True,1.0,1.0,9.26744944456888e-07,8.930547603674574e-07,True,363,0.7827041149139404,c2.00_beta6_rho1.00,2.0,6,1.0,800
False,4,3,,,,,,,,,not_applicable,False,1.0,1.0,6.961976671808095e-07,9.259313783973745e-07,False,364,1.0342960357666016,c2.00_beta6_rho1.00,2.0,6,1.0,800
True,4,4,0.7497883259942858,2.2487301351892537,2.105636466682058,0.4460101326437927,2.4789492115980196,0.8425048740242259,172.0348187057332,4.830079928132746e-33,meaningfully_different,True,1.0,1.0,8.216630745491533e-07,9.636853529844412e-07,True,365,0.7916936874389648,c2.00_beta6_rho1.00,2.0,6,1.0,800
False,4,2,,,,,,,,,not_applicable,False,1.0,1.0,5.771939889183833e-07,7.707811272633851e-07,False,366,1.2038531303405762,c2.00_beta6_rho1.00,2.0,6,1.0,800
False,4,3,,,,,,,,,not_applicable,False,1.0,1.0,8.527853435731425e-07,9.505168087509955e-07,False,367,1.973055124282837,c2.00_beta6_rho1.00,2.0,6,1.0,800
False,4,2,,,,,,,,,not_applicable,False,1.0,1.0,9.54119062043799e-07,9.185191834709214e-07,False,368,1.5207231044769287,c2.00_beta6_rho1.00,2.0,6,1.0,800
False,4,3,,,,,,,,,not_applicable,False,1.0,1.0,6.296710794184252e-07,9.563266118999997e-07,False,369,0.8853449821472168,c2.00_beta6_rho1.00,2.0,6,1.0,800
False,4,3,,,,,,,,,not_applicable,False,1.0,1.0,9.99563627340497e-07,9.755641741848375e-07,False,370,1.092252254486084,c2.00_beta6_rho1.00,2.0,6,1.0,800
False,4,2,,,,,,,,,not_applicable,False,1.0,1.0,7.792579011137204e-07,9.353396178476289e-07,False,371,2.586099863052368,c2.00_beta6_rho1.00,2.0,6,1.0,800
False,4,3,,,,,,,,,not_applicable,False,1.0,1.0,7.375647422084058e-07,9.839149091909204e-07,False,372,1.154891014099121,c2.00_beta6_rho1.00,2.0,6,1.0,800
False,4,2,,,,,,,,,not_applicable,False,1.0,1.0,9.20606101423519e-07,7.383601953536437e-07,False,373,1.2836873531341553,c2.00_beta6_rho1.00,2.0,6,1.0,800
False,4,2,,,,,,,,,not_applicable,False,1.0,1.0,5.955950802421581e-07,9.956875545849245e-07,False,374,2.610827684402466,c2.00_beta6_rho1.00,2.0,6,1.0,800
True,4,4,0.8308771562538279,2.7614273951377912,2.07058031549139,1.7328530255638588,0.6178136862721121,1.1091516915602588,254.22237569928805,2.192816254647325e-50,inconclusive,True,1.0,1.0,8.541626052326323e-07,9.641492859879563e-07,True,375,0.9149456024169922,c2.00_beta6_rho1.00,2.0,6,1.0,800
False,4,3,,,,,,,,,not_applicable,False,1.0,1.0,9.88999944608201e-07,8.340432803273816e-07,False,376,0.9065289497375488,c2.00_beta6_rho1.00,2.0,6,1.0,800
True,4,4,0.8231513538638304,2.7103126054714277,2.5083687766762486,0.5963326904211856,2.529408165785609,0.9339765475354915,276.35767592784697,4.3886313566192725e-55,meaningfully_different,True,1.0,1.0,6.806531668470551e-07,9.940663189612189e-07,True,377,0.8139712810516357,c2.00_beta6_rho1.00,2.0,6,1.0,800
False,4,2,,,,,,,,,not_applicable,False,1.0,1.0,8.419539286516979e-07,9.714742849266532e-07,False,378,1.2820861339569092,c2.00_beta6_rho1.00,2.0,6,1.0,800
True,4,4,0.8804755039493417,3.100948452219389,2.8864428925471937,0.5877294764202468,3.2097129176456725,0.9814748918723452,267.96428106585824,2.661002178510732e-53,meaningfully_different,True,1.0,1.0,6.546478717370083e-07,9.419671446832742e-07,True,379,0.8964929580688477,c2.00_beta6_rho1.00,2.0,6,1.0,800
True,4,4,0.8529452384062826,2.9100623188798007,2.7333700539104084,0.5620701420673824,3.0839034564881898,0.9562809688699069,300.74008448918835,2.865141431044487e-60,meaningfully_different,True,1.0,1.0,9.937737873188232e-07,9.978553959444577e-07,True,380,0.8096969127655029,c2.00_beta6_rho1.00,2.0,6,1.0,800
True,4,4,0.7885302148414641,2.4871195988717023,2.2899367058084854,0.5702563808320876,2.262029411974801,0.8983213486988335,239.32980868918548,3.1395977041687198e-47,meaningfully_different,True,1.0,1.0,9.363391997102663e-07,9.983096510454397e-07,True,381,0.8091959953308105,c2.00_beta6_rho1.00,2.0,6,1.0,800
False,4,3,,,,,,,,,not_applicable,False,1.0,1.0,7.322497548190092e-07,9.183901828571698e-07,False,382,1.86860990524292,c2.00_beta6_rho1.00,2.0,6,1.0,800
False,4,3,,,,,,,,,not_applicable,False,1.0,1.0,9.945859776438514e-07,9.471742201516996e-07,False,383,0.9794762134552002,c2.00_beta6_rho1.00,2.0,6,1.0,800
True,4,4,0.863808104226295,2.9846577637081024,2.5416414052456293,1.260521723531535,1.2230185140534482,1.0741293141479284,223.30618861817106,7.706525841853769e-44,inconclusive,True,1.0,1.0,7.798276347189242e-07,9.659821461006544e-07,True,384,0.8725509643554688,c2.00_beta6_rho1.00,2.0,6,1.0,800
False,4,3,,,,,,,,,not_applicable,False,1.0,1.0,9.101154028043733e-07,9.465028844863822e-07,False,385,1.014281988143921,c2.00_beta6_rho1.00,2.0,6,1.0,800
False,4,2,,,,,,,,,not_applicable,False,1.0,1.0,7.93928307144142e-07,9.648817954294868e-07,False,386,2.3925769329071045,c2.00_beta6_rho1.00,2.0,6,1.0,800
False,4,3,,,,,,,,,not_applicable,False,1.0,1.0,9.882442893244453e-07,9.762032438546589e-07,False,387,1.0713257789611816,c2.00_beta6_rho1.00,2.0,6,1.0,800
True,4,4,0.8854030428697833,3.1357541932922857,2.6305445831457503,1.336287208363886,1.2202051871334945,1.098697119827838,247.6787336263178,5.348522284136305e-49,inconclusive,True,1.0,1.0,9.071718702715598e-07,9.375608687386489e-07,True,388,0.9499828815460205,c2.00_beta6_rho1.00,2.0,6,1.0,800
False,4,3,,,,,,,,,not_applicable,False,1.0,1.0,9.192445960125636e-07,9.482619044408e-07,False,389,2.378577709197998,c2.00_beta6_rho1.00,2.0,6,1.0,800
False,4,3,,,,,,,,,not_applicable,False,1.0,1.0,8.394814971177875e-07,8.533945587843361e-07,False,390,1.3750100135803223,c2.00_beta6_rho1.00,2.0,6,1.0,800
False,4,2,,,,,,,,,not_applicable,False,1.0,1.0,7.069964625686018e-07,9.53578593599773e-07,False,391,1.207082986831665,c2.00_beta6_rho1.00,2.0,6,1.0,800
True,4,4,0.8353532798622576,2.7912604087065254,2.5971367113275243,0.5786687553570938,2.7600189167668794,0.9419344606155109,261.1141932009059,7.569036820645584e-52,meaningfully_different,True,1.0,1.0,8.986405999964928e-07,9.715160701457617e-07,True,392,0.8127920627593994,c2.00_beta6_rho1.00,2.0,6,1.0,800
False,4,3,,,,,,,,,not_applicable,False,1.0,1.0,6.004298338051066e-07,9.34498202142682e-07,False,393,1.424462080001831,c2.00_beta6_rho1.00,2.0,6,1.0,800
True,4,4,0.7716137815274409,2.381551311372309,2.1054997425469573,0.8205373821370673,1.3472874808795587,0.9294035226429339,222.845015815205,9.645658859406308e-44,inconclusive,True,1.0,1.0,8.351554268220122e-07,9.780576893266823e-07,True,394,0.8313798904418945,c2.00_beta6_rho1.00,2.0,6,1.0,800
False,4,2,,,,,,,,,not_applicable,False,1.0,1.0,6.987758442882154e-07,9.649588213848228e-07,False,395,1.7365009784698486,c2.00_beta6_rho1.00,2.0,6,1.0,800
False,4,3,,,,,,,,,not_applicable,False,1.0,1.0,7.607899785393967e-07,9.525539021716084e-07,False,396,1.0118539333343506,c2.00_beta6_rho1.00,2.0,6,1.0,800
False,4,3,,,,,,,,,not_applicable,False,1.0,1.0,8.252847621607714e-07,9.891068496056368e-07,False,397,1.0112698078155518,c2.00_beta6_rho1.00,2.0,6,1.0,800
False,4,3,,,,,,,,,not_applicable,False,1.0,1.0,6.491986081764084e-07,8.835947576368458e-07,False,398,1.240995168685913,c2.00_beta6_rho1.00,2.0,6,1.0,800
False,4,3,,,,,,,,,not_applicable,False,1.0,1.0,7.773493420368833e-07,9.958064926526278e-07,False,399,1.3043649196624756,c2.00_beta6_rho1.00,2.0,6,1.0,800
False,4,2,,,,,,,,,not_applicable,False,1.0,1.0,9.665788298600569e-07,8.504631617836855e-07,False,400,1.6625909805297852,c2.00_beta6_rho1.00,2.0,6,1.0,800
False,4,2,,,,,,,,,not_applicable,False,1.0,1.0,5.809772154603033e-07,7.128878817545176e-07,False,401,1.2681400775909424,c2.00_beta6_rho1.00,2.0,6,1.0,800
False,4,3,,,,,,,,,not_applicable,False,1.0,1.0,7.336556782551679e-07,9.289393223605905e-07,False,402,1.0301780700683594,c2.00_beta6_rho1.00,2.0,6,1.0,800
False,4,3,,,,,,,,,not_applicable,False,1.0,1.0,7.532764240090817e-07,9.47749742473558e-07,False,403,1.1265990734100342,c2.00_beta6_rho1.00,2.0,6,1.0,800
False,4,2,,,,,,,,,not_applicable,False,1.0,1.0,8.577294024452934e-07,9.586915281511602e-07,False,404,2.2653229236602783,c2.00_beta6_rho1.00,2.0,6,1.0,800
True,4,4,0.8054859674216122,2.5952305748525215,2.4476510915688996,0.4383783140102453,3.3022871919140293,0.8900448375426828,258.6175370030943,2.5630800102695747e-51,meaningfully_different,True,1.0,1.0,8.521531310722277e-07,9.768532924033483e-07,True,405,0.781843900680542,c2.00_beta6_rho1.00,2.0,6,1.0,800
True,4,4,0.9071719915667633,3.2918440891328307,2.7570830881693382,1.2807594550015913,1.3719071768766722,1.1026949853632573,267.7398085936454,2.96964915648749e-53,inconclusive,True,1.0,1.0,8.12335894508263e-07,9.99302736421088e-07,True,406,0.9494900703430176,c2.00_beta6_rho1.00,2.0,6,1.0,800
False,4,3,,,,,,,,,not_applicable,False,1.0,1.0,9.4490098307779e-07,9.842728019907935e-07,False,407,0.9389622211456299,c2.00_beta6_rho1.00,2.0,6,1.0,800
True,4,4,0.8152687235581023,2.65865236644823,2.2497112180350403,1.212453929211605,1.0307288284740532,1.0300510255577526,255.18553897229145,1.3700672081234653e-50,inconclusive,True,1.0,1.0,5.148570573600501e-07,9.977568746803035e-07,True,408,0.8552629947662354,c2.00_beta6_rho1.00,2.0,6,1.0,800
False,4,3,,,,,,,,,not_applicable,False,1.0,1.0,7.484331218005806e-07,9.293659683342418e-07,False,409,1.0744059085845947,c2.00_beta6_rho1.00,2.0,6,1.0,800
False,4,3,,,,,,,,,not_applicable,False,1.0,1.0,7.262500310084013e-07,9.886944658553175e-07,False,410,0.9542009830474854,c2.00_beta6_rho1.00,2.0,6,1.0,800
False,4,3,,,,,,,,,not_applicable,False,1.0,1.0,7.441278618865109e-07,9.874263316631076e-07,False,411,1.0007829666137695,c2.00_beta6_rho1.00,2.0,6,1.0,800
True,4,4,0.854708954383602,2.9221095868140408,2.638932141416498,0.9157539827668671,1.7897079043703574,1.0179898576810373,264.88903628843514,1.196468031382735e-52,meaningfully_different,True,1.0,1.0,6.885965884083753e-07,9.269608656586999e-07,True,412,0.8296167850494385,c2.00_beta6_rho1.00,2.0,6,1.0,800
False,4,2,,,,,,,,,not_applicable,False,1.0,1.0,9.84911804014396e-07,9.454130424856862e-07,False,413,1.416400671005249,c2.00_beta6_rho1.00,2.0,6,1.0,800
False,4,2,,,,,,,,,not_applicable,False,1.0,1.0,7.249843231632812e-07,8.881952114721907e-07,False,414,1.3352632522583008,c2.00_beta6_rho1.00,2.0,6,1.0,800
True,4,4,0.7804891192272067,2.4366530609282435,2.2954876381502576,0.43847527796052466,2.9545283469023507,0.8684346966571783,309.25233919289445,4.414265422330135e-62,meaningfully_different,True,1.0,1.0,8.7538497911872e-07,8.902098662002164e-07,True,415,0.7584099769592285,c2.00_beta6_rho1.00,2.0,6,1.0,800
False,4,2,,,,,,,,,not_applicable,False,1.0,1.0,8.099669040148004e-07,8.742398249578555e-07,False,416,2.189201831817627,c2.00_beta6_rho1.00,2.0,6,1.0,800
False,4,3,,,,,,,,,not_applicable,False,1.0,1.0,6.271494440464099e-07,9.711785380657907e-07,False,417,1.1836071014404297,c2.00_beta6_rho1.00,2.0,6,1.0,800
False,4,3,,,,,,,,,not_applicable,False,1.0,1.0,7.833363535284109e-07,9.972875966877993e-07,False,418,1.204840898513794,c2.00_beta6_rho1.00,2.0,6,1.0,800
False,4,2,,,,,,,,,not_applicable,False,1.0,1.0,8.578756741529318e-07,9.521219150189132e-07,False,419,1.3790278434753418,c2.00_beta6_rho1.00,2.0,6,1.0,800
True,4,4,0.8638849882013063,2.985189091358285,2.8225129500878827,0.5242784123880326,3.4762311531892554,0.9598013073335411,251.70764793078826,7.485478173316424e-50,meaningfully_different,True,1.0,1.0,6.863238545170154e-07,9.909827934913404e-07,True,420,0.829639196395874,c2.00_beta6_rho1.00,2.0,6,1.0,800
False,4,3,,,,,,,,,not_applicable,False,1.0,1.0,7.577644679662934e-07,9.847237393052483e-07,False,421,6.930419921875,c2.00_beta6_rho1.00,2.0,6,1.0,800
True,4,4,0.7876479392706522,2.48155710494922,2.3497687571410912,0.44181366240971404,3.0550634169601323,0.8769959467113321,284.32985738393194,8.871120547117635e-57,meaningfully_different,True,1.0,1.0,7.993186857916373e-07,9.652830351873343e-07,True,422,0.7594521045684814,c2.00_beta6_rho1.00,2.0,6,1.0,800
False,4,3,,,,,,,,,not_applicable,False,1.0,1.0,9.132925373006552e-07,9.932285721911878e-07,False,423,2.196193218231201,c2.00_beta6_rho1.00,2.0,6,1.0,800
False,4,3,,,,,,,,,not_applicable,False,1.0,1.0,8.628651417806567e-07,9.78389437695124e-07,False,424,1.9763069152832031,c2.00_beta6_rho1.00,2.0,6,1.0,800
False,4,2,,,,,,,,,not_applicable,False,1.0,1.0,8.959079415667337e-07,9.774795874517546e-07,False,425,3.7852962017059326,c2.00_beta6_rho1.00,2.0,6,1.0,800
True,4,4,1.0348210962023008,4.283418804581325,-1.1187261641993151,8.189836403929883,-0.25870189094163676,1.757295930467031,188.706881709362,1.5234332116817688e-36,inconclusive,True,1.0,1.0,9.416401785626891e-07,9.974315578209267e-07,True,426,1.640146017074585,c2.00_beta6_rho1.00,2.0,6,1.0,800
False,4,3,,,,,,,,,not_applicable,False,1.0,1.0,7.776971257964109e-07,9.37022330350087e-07,False,427,0.9526259899139404,c2.00_beta6_rho1.00,2.0,6,1.0,800
False,4,3,,,,,,,,,not_applicable,False,1.0,1.0,9.427438575168548e-07,9.215341723839011e-07,False,428,1.7255890369415283,c2.00_beta6_rho1.00,2.0,6,1.0,800
True,4,4,0.9268222856893383,3.4359981970016378,3.2060266822644654,0.6199052474816562,3.5586514087860572,1.0278229513090906,263.18950969765217,2.745531163332178e-52,meaningfully_different,True,1.0,1.0,8.680711326826715e-07,9.884243992316811e-07,True,429,0.8753800392150879,c2.00_beta6_rho1.00,2.0,6,1.0,800
False,4,3,,,,,,,,,not_applicable,False,1.0,1.0,9.413573215231516e-07,9.963251585430564e-07,False,430,1.115088939666748,c2.00_beta6_rho1.00,2.0,6,1.0,800
True,4,4,0.8606253305658081,2.962703838446026,1.0646748922144966,3.5926162432545006,0.01800217107405509,1.3204168612768121,246.54616036163088,9.294932819269124e-49,inconclusive,True,1.0,1.0,9.239369545877009e-07,9.969824045520906e-07,True,431,0.9994847774505615,c2.00_beta6_rho1.00,2.0,6,1.0,800
False,4,2,,,,,,,,,not_applicable,False,1.0,1.0,9.998094997293381e-07,9.666393210321523e-07,False,432,2.207300901412964,c2.00_beta6_rho1.00,2.0,6,1.0,800
False,4,3,,,,,,,,,not_applicable,False,1.0,1.0,8.199069848632688e-07,7.719708563063111e-07,False,433,0.8596110343933105,c2.00_beta6_rho1.00,2.0,6,1.0,800
False,4,3,,,,,,,,,not_applicable,False,1.0,1.0,9.50395194438252e-07,8.930394935736619e-07,False,434,1.210664987564087,c2.00_beta6_rho1.00,2.0,6,1.0,800
True,4,4,0.7863016068028486,2.473080867442966,2.2637539727628764,0.6373821476617155,1.9827257123517705,0.9099662507613082,254.64700776287393,1.7821807605989727e-50,meaningfully_different,True,1.0,1.0,9.329221362683191e-07,9.760884128002085e-07,True,435,0.7856860160827637,c2.00_beta6_rho1.00,2.0,6,1.0,800
True,4,4,0.8082736251489557,2.6132250124457386,1.7099467928582106,2.093565947842484,0.33910887478364055,1.1350722813359746,283.0094852579993,1.6930596904666029e-56,inconclusive,True,1.0,1.0,7.425834898752455e-07,9.820082574497144e-07,True,436,0.9397830963134766,c2.00_beta6_rho1.00,2.0,6,1.0,800
True,4,4,0.7537059342264666,2.2722905411527634,2.142840463072654,0.4350063920321668,2.627180850685399,0.8453345942219918,228.55855370437666,5.97505273952419e-45,meaningfully_different,True,1.0,1.0,5.490004621844669e-07,9.430376640006967e-07,True,437,0.7638900279998779,c2.00_beta6_rho1.00,2.0,6,1.0,800
True,4,4,0.8531813141105274,2.9116734189894657,0.9580444632430956,3.8803792774100243,-0.010812225753588665,1.3546863466904715,268.1093110729281,2.478860190879156e-53,inconclusive,True,1.0,1.0,9.391977506693888e-07,9.979314495494816e-07,True,438,0.9926490783691406,c2.00_beta6_rho1.00,2.0,6,1.0,800
False,4,3,,,,,,,,,not_applicable,False,1.0,1.0,9.733365400793338e-07,9.917503190660627e-07,False,439,1.7676520347595215,c2.00_beta6_rho1.00,2.0,6,1.0,800
False,4,3,,,,,,,,,not_applicable,False,1.0,1.0,8.179794469363599e-07,9.72276649734728e-07,False,440,1.3835198879241943,c2.00_beta6_rho1.00,2.0,6,1.0,800
False,4,2,,,,,,,,,not_applicable,False,1.0,1.0,8.226208850511758e-07,9.39271683852908e-07,False,441,1.211557149887085,c2.00_beta6_rho1.00,2.0,6,1.0,800
False,4,3,,,,,,,,,not_applicable,False,1.0,1.0,8.739501533137425e-07,8.736494914813276e-07,False,442,1.585141897201538,c2.00_beta6_rho1.00,2.0,6,1.0,800
False,4,3,,,,,,,,,not_applicable,False,1.0,1.0,9.592716378274853e-07,8.904368531581969e-07,False,443,0.9093246459960938,c2.00_beta6_rho1.00,2.0,6,1.0,800
False,4,2,,,,,,,,,not_applicable,False,1.0,1.0,9.949864673468862e-07,8.395453005232208e-07,False,444,2.180037021636963,c2.00_beta6_rho1.00,2.0,6,1.0,800
False,4,3,,,,,,,,,not_applicable,False,1.0,1.0,6.539312287074004e-07,9.205664917707836e-07,False,445,1.2851510047912598,c2.00_beta6_rho1.00,2.0,6,1.0,800
True,4,4,0.8735503143705071,3.0523606069472473,1.0530195888960883,3.519984240894892,0.015062450643986121,1.3079448033407293,225.04895786199523,3.2995802731915103e-44,inconclusive,True,1.0,1.0,7.490149971482101e-07,9.794297575996586e-07,True,446,1.0492727756500244,c2.00_beta6_rho1.00,2.0,6,1.0,800
False,4,2,,,,,,,,,not_applicable,False,1.0,1.0,7.656375389710063e-07,8.687104863542838e-07,False,447,3.217219829559326,c2.00_beta6_rho1.00,2.0,6,1.0,800
False,4,3,,,,,,,,,not_applicable,False,1.0,1.0,6.91532637862546e-07,9.637309828903525e-07,False,448,2.0604453086853027,c2.00_beta6_rho1.00,2.0,6,1.0,800
False,4,3,,,,,,,,,not_applicable,False,1.0,1.0,8.237877918627752e-07,9.555658236583178e-07,False,449,0.8988521099090576,c2.00_beta6_rho1.00,2.0,6,1.0,800
False,4,3,,,,,,,,,not_applicable,False,1.0,1.0,7.643974230527148e-07,9.605871030567807e-07,False,450,0.7989850044250488,c2.00_beta6_rho1.00,2.0,6,1.0,800
False,4,3,,,,,,,,,not_applicable,False,1.0,1.0,9.410282960993759e-07,9.855996542599563e-07,False,451,2.006021738052368,c2.00_beta6_rho1.00,2.0,6,1.0,800
False,4,3,,,,,,,,,not_applicable,False,1.0,1.0,7.393470152240647e-07,9.381654125563114e-07,False,452,0.9938209056854248,c2.00_beta6_rho1.00,2.0,6,1.0,800
False,4,2,,,,,,,,,not_applicable,False,1.0,1.0,9.328738500981037e-07,9.126867469436955e-07,False,453,1.3511979579925537,c2.00_beta6_rho1.00,2.0,6,1.0,800
False,4,3,,,,,,,,,not_applicable,False,1.0,1.0,8.257102353265126e-07,9.630418874765212e-07,False,454,1.6291539669036865,c2.00_beta6_rho1.00,2.0,6,1.0,800
False,4,2,,,,,,,,,not_applicable,False,1.0,1.0,7.882094403633204e-07,8.988388417932531e-07,False,455,1.6600470542907715,c2.00_beta6_rho1.00,2.0,6,1.0,800
True,4,4,0.7538543299195178,2.273185402953621,2.119540280538903,0.4600359866441055,2.4335928341297466,0.8479728978125803,218.49917967929053,7.99085966182123e-43,meaningfully_different,True,1.0,1.0,9.349443242985906e-07,9.991398015936144e-07,True,456,0.7838971614837646,c2.00_beta6_rho1.00,2.0,6,1.0,800
True,4,4,0.7422358365031962,2.203656147958398,2.0817349359413977,0.4423081912619792,2.4456588354265545,0.8380434309403376,240.80976749874955,1.5257012000016525e-47,meaningfully_different,True,1.0,1.0,8.412464961342657e-07,9.5084915246898e-07,True,457,0.7645108699798584,c2.00_beta6_rho1.00,2.0,6,1.0,800
False,4,3,,,,,,,,,not_applicable,False,1.0,1.0,9.127026098020748e-07,9.320953283385594e-07,False,458,1.1462290287017822,c2.00_beta6_rho1.00,2.0,6,1.0,800
True,4,4,0.7016501808424469,1.9692519051049535,1.730257527209154,0.7352422494173634,0.9932202995513936,0.857266499965335,223.61191859928167,6.641049086775211e-44,inconclusive,True,1.0,1.0,8.425847054882682e-07,9.54612651915686e-07,True,459,0.8014729022979736,c2.00_beta6_rho1.00,2.0,6,1.0,800
True,4,4,0.9114191461401324,3.322739439803232,3.114339071342019,0.5905270062850873,3.580427395934006,1.0106519627748762,256.1720776490108,8.4626287203012e-51,meaningfully_different,True,1.0,1.0,9.610970067279782e-07,9.830000535698478e-07,True,460,0.8401799201965332,c2.00_beta6_rho1.00,2.0,6,1.0,800
False,4,3,,,,,,,,,not_applicable,False,1.0,1.0,8.208062194361367e-07,9.820733999013924e-07,False,461,1.6181509494781494,c2.00_beta6_rho1.00,2.0,6,1.0,800
True,4,4,0.8301899248863226,2.7568612455310317,2.4776830463551107,0.7996126293933234,1.8479986333835774,0.9737721473693066,253.21460718688826,3.5867610793584545e-50,meaningfully_different,True,1.0,1.0,9.554639638176433e-07,9.90743139579188e-07,True,462,0.8547189235687256,c2.00_beta6_rho1.00,2.0,6,1.0,800
False,4,2,,,,,,,,,not_applicable,False,1.0,1.0,9.562032593132147e-07,9.88094431505232e-07,False,463,2.8552041053771973,c2.00_beta6_rho1.00,2.0,6,1.0,800
True,4,4,0.7807687087569055,2.4383991062957024,2.2341751304469013,0.5984506516732029,2.062283877536572,0.8970143331356307,247.75803179135346,5.145506243151193e-49,meaningfully_different,True,1.0,1.0,8.843538857095766e-07,9.69040245105533e-07,True,464,0.804995059967041,c2.00_beta6_rho1.00,2.0,6,1.0,800
True,4,4,0.8176838015725335,2.6744271974164415,2.4608542378834057,0.6738834418951737,2.1678144127937333,0.9446287447229234,263.5450421287161,2.3076442715806578e-52,meaningfully_different,True,1.0,1.0,8.855451752077871e-07,9.408088279641341e-07,True,465,0.8105318546295166,c2.00_beta6_rho1.00,2.0,6,1.0,800
False,4,2,,,,,,,,,not_applicable,False,1.0,1.0,6.692824108926012e-07,7.960156714725832e-07,False,466,1.8587760925292969,c2.00_beta6_rho1.00,2.0,6,1.0,800
False,4,3,,,,,,,,,not_applicable,False,1.0,1.0,8.843869063031194e-07,9.868539962205147e-07,False,467,0.9959228038787842,c2.00_beta6_rho1.00,2.0,6,1.0,800
False,4,3,,,,,,,,,not_applicable,False,1.0,1.0,9.240035523027387e-07,9.53830548609942e-07,False,468,1.2085609436035156,c2.00_beta6_rho1.00,2.0,6,1.0,800
False,4,2,,,,,,,,,not_applicable,False,1.0,1.0,6.435134881824334e-07,9.734341907043553e-07,False,469,1.3069989681243896,c2.00_beta6_rho1.00,2.0,6,1.0,800
False,4,3,,,,,,,,,not_applicable,False,1.0,1.0,8.420727743119526e-07,9.25925576402321e-07,False,470,0.999779224395752,c2.00_beta6_rho1.00,2.0,6,1.0,800
True,4,4,0.8942365535553013,3.198636054857853,1.6385508116120493,3.0314448236522384,0.2106423995020081,1.2869376271501758,248.50060327408414,3.581361831487223e-49,inconclusive,True,1.0,1.0,9.55077960372676e-07,9.74234052273026e-07,True,471,1.0575289726257324,c2.00_beta6_rho1.00,2.0,6,1.0,800
False,4,3,,,,,,,,,not_applicable,False,1.0,1.0,7.134981395758097e-07,9.379619326467514e-07,False,472,0.8759279251098633,c2.00_beta6_rho1.00,2.0,6,1.0,800
False,4,3,,,,,,,,,not_applicable,False,1.0,1.0,8.197285323355934e-07,9.163319306165124e-07,False,473,0.9568698406219482,c2.00_beta6_rho1.00,2.0,6,1.0,800
False,4,3,,,,,,,,,not_applicable,False,1.0,1.0,7.156931863049289e-07,9.267811725125714e-07,False,474,3.213667631149292,c2.00_beta6_rho1.00,2.0,6,1.0,800
False,4,2,,,,,,,,,not_applicable,False,1.0,1.0,9.738083255899836e-07,7.562783917006106e-07,False,475,1.8295753002166748,c2.00_beta6_rho1.00,2.0,6,1.0,800
True,4,4,0.8113405854192757,2.633094182193972,2.4912284830942713,0.45569958827483503,3.272393746809582,0.9001093827514001,227.2758480503997,1.1158608847268143e-44,meaningfully_different,True,1.0,1.0,9.352206997613594e-07,9.995167423993886e-07,True,476,0.792208194732666,c2.00_beta6_rho1.00,2.0,6,1.0,800
False,4,2,,,,,,,,,not_applicable,False,1.0,1.0,9.053840240434098e-07,8.980176343558441e-07,False,477,1.8659939765930176,c2.00_beta6_rho1.00,2.0,6,1.0,800
False,4,3,,,,,,,,,not_applicable,False,1.0,1.0,8.390541926192176e-07,9.593186118711322e-07,False,478,1.1540322303771973,c2.00_beta6_rho1.00,2.0,6,1.0,800
True,4,4,0.8484472628027877,2.879451031030171,2.739292006422997,0.43979614282820656,3.9547686690431036,0.9304155371490257,339.1168420261133,1.9020704748647665e-68,meaningfully_different,True,1.0,1.0,9.157876227188877e-07,9.78795112742333e-07,True,479,0.782365083694458,c2.00_beta6_rho1.00,2.0,6,1.0,800
False,4,3,,,,,,,,,not_applicable,False,1.0,1.0,8.610928014419157e-07,9.331779222844848e-07,False,480,2.571741819381714,c2.00_beta6_rho1.00,2.0,6,1.0,800
False,4,3,,,,,,,,,not_applicable,False,1.0,1.0,6.818937953656618e-07,9.147289732622596e-07,False,481,1.9949922561645508,c2.00_beta6_rho1.00,2.0,6,1.0,800
False,4,3,,,,,,,,,not_applicable,False,1.0,1.0,9.866541308085898e-07,9.258466982388858e-07,False,482,1.156641960144043,c2.00_beta6_rho1.00,2.0,6,1.0,800
False,4,3,,,,,,,,,not_applicable,False,1.0,1.0,9.082424668245466e-07,9.9423475607575e-07,False,483,1.5427870750427246,c2.00_beta6_rho1.00,2.0,6,1.0,800
False,4,2,,,,,,,,,not_applicable,False,1.0,1.0,5.876257439446653e-07,9.409166725738032e-07,False,484,1.2299790382385254,c2.00_beta6_rho1.00,2.0,6,1.0,800
False,4,3,,,,,,,,,not_applicable,False,1.0,1.0,8.302775562961102e-07,9.597020377279068e-07,False,485,1.083873987197876,c2.00_beta6_rho1.00,2.0,6,1.0,800
False,4,2,,,,,,,,,not_applicable,False,1.0,1.0,8.212441519473862e-07,9.635522392451648e-07,False,486,1.7062139511108398,c2.00_beta6_rho1.00,2.0,6,1.0,800
False,4,3,,,,,,,,,not_applicable,False,1.0,1.0,9.80513499850313e-07,9.777908252888438e-07,False,487,1.2322278022766113,c2.00_beta6_rho1.00,2.0,6,1.0,800
False,4,3,,,,,,,,,not_applicable,False,1.0,1.0,9.556803751437037e-07,9.952745847263377e-07,False,488,1.0667238235473633,c2.00_beta6_rho1.00,2.0,6,1.0,800
False,4,2,,,,,,,,,not_applicable,False,1.0,1.0,8.037859471088239e-07,7.612649967240588e-07,False,489,1.341360092163086,c2.00_beta6_rho1.00,2.0,6,1.0,800
True,4,4,0.785528136887796,2.468217815369648,2.3311327002609694,0.49747187139989085,2.6757949077907632,0.8873276046984304,262.6852870935431,3.51267194239551e-52,meaningfully_different,True,1.0,1.0,9.320826259139134e-07,8.208175900968487e-07,True,490,0.7706308364868164,c2.00_beta6_rho1.00,2.0,6,1.0,800
False,4,3,,,,,,,,,not_applicable,False,1.0,1.0,7.604473517390982e-07,9.420265005577976e-07,False,491,1.1670730113983154,c2.00_beta6_rho1.00,2.0,6,1.0,800
False,4,3,,,,,,,,,not_applicable,False,1.0,1.0,6.803020481777424e-07,9.743917810356532e-07,False,492,0.9563219547271729,c2.00_beta6_rho1.00,2.0,6,1.0,800
True,4,4,0.7919023717895187,2.5084374657834605,2.3629007695324646,0.45272698911895737,3.0104252723805525,0.8814151121355365,258.7786079117094,2.3691411942976755e-51,meaningfully_different,True,1.0,1.0,9.78400142847978e-07,9.67293397045406e-07,True,493,0.7897830009460449,c2.00_beta6_rho1.00,2.0,6,1.0,800
False,4,3,,,,,,,,,not_applicable,False,1.0,1.0,8.276737419905284e-07,9.764420449008358e-07,False,494,0.9884579181671143,c2.00_beta6_rho1.00,2.0,6,1.0,800
False,4,2,,,,,,,,,not_applicable,False,1.0,1.0,7.255086804122074e-07,9.220102563489925e-07,False,495,2.0384509563446045,c2.00_beta6_rho1.00,2.0,6,1.0,800
True,4,4,0.8169693116360754,2.6697554246204915,2.5607112567520343,0.3985593850951386,3.9158813344201713,0.8966999368352438,255.599954356143,1.119051743764646e-50,meaningfully_different,True,1.0,1.0,9.86576615265963e-07,9.962620319757927e-07,True,496,0.7266650199890137,c2.00_beta6_rho1.00,2.0,6,1.0,800
False,4,3,,,,,,,,,not_applicable,False,1.0,1.0,7.040490533188646e-07,9.498920396415163e-07,False,497,1.1645147800445557,c2.00_beta6_rho1.00,2.0,6,1.0,800
True,4,4,0.8477830695899821,2.8749445323336493,2.588956009705885,0.678707503743803,2.3411499076422184,0.9624617536398601,244.46989135827258,2.5596125161877303e-48,meaningfully_different,True,1.0,1.0,9.347545174120914e-07,9.176136606237908e-07,True,498,0.8724439144134521,c2.00_beta6_rho1.00,2.0,6,1.0,800
False,4,3,,,,,,,,,not_applicable,False,1.0,1.0,7.013065714185159e-07,9.819699752991802e-07,False,499,0.9451510906219482,c2.00_beta6_rho1.00,2.0,6,1.0,800
