family,rho,D_A_target,D_A_population,deformation_a,matching_gap
gaussian4,0.0,0.0,0.0,0.0,inf
gaussian4,0.5,0.25,0.2500000105777816,0.10854183054754313,17.2225064250287
gaussian4,0.75,0.375,0.3750000035101425,0.16281250823391902,16.183749329490222
gaussian4,0.9,0.45,0.4500000015067506,0.19537448434599802,15.560475948991327
gaussian4,1.0,0.5,0.5000000034095105,0.21708197414639857,15.144938487910819
gaussian4,1.1,0.55,0.5499999997803824,0.23878865046182385,14.729365483121274
gaussian4,1.25,0.625,0.6249999996975725,0.2713455456706858,14.105869814896717
gaussian4,1.5,0.75,0.7499999997197034,0.3255843137927069,13.065729889790006
t15,0.75,0.375,0.3750000000934878,0.16524715256598616,11.380053071688952
t15,1.0,0.5,0.4999999999921635,0.22031740212945583,11.327303958477307
t15,1.25,0.625,0.6249999999692821,0.2753703707481171,10.874406756410057
t3,0.75,0.375,0.37500000000000694,0.16518400219662682,11.37197565144537
t3,1.0,0.5,0.4999999999696468,0.22022781102419392,11.319343104439755
t3,1.25,0.625,0.6250000002096427,0.27525365302531,10.866159160867024
t30,0.75,0.375,0.37499999998835637,0.16525822253893263,11.380992169295995
t30,1.0,0.5,0.5000000000078461,0.22033751258500522,11.328163396892617
t30,1.25,0.625,0.625000000008431,0.27540454470723885,10.875400539438104
t5,0.0,0.0,0.0,0.0,inf
t5,0.5,0.25,0.2500000000168599,0.11014069785520772,11.427427429904919
t5,0.75,0.375,0.37499999486110863,0.16520128098927933,11.374818504367932
t5,0.9,0.45,0.449999999995827,0.19823190458982487,11.343260145117078
t5,1.0,0.5,0.5000000000013726,0.22024901461210344,11.322216740826509
t5,1.1,0.55,0.5500000000194945,0.24226279769085074,11.186804448191179
t5,1.25,0.625,0.6250000001097464,0.2752755808916292,10.869054481792865
t5,1.5,0.75,0.7499999999660785,0.33026716795570976,10.339677334535814
t8,0.75,0.375,0.37500000024348423,0.1652241880489173,11.377667379236922
t8,1.0,0.5,0.4999999998261872,0.22028134742270972,11.325023950594737
t8,1.25,0.625,0.6250000001801344,0.2753174837535364,10.871958225863375
