family,n,rho,D_A,reps,applicability,correct_cardinality,p_equivalent,p_equivalent_lo,p_equivalent_hi,p_inconclusive,p_inconclusive_lo,p_inconclusive_hi,p_meaningfully_different,p_meaningfully_different_lo,p_meaningfully_different_hi,p_exact_reject,p_exact_reject_lo,p_exact_reject_hi,bias_D,rmse_D,se_ratio,mean_success,max_residual,coverage_UD,coverage_UD_lo,coverage_UD_hi
gaussian4,400,0.0,0.0,1000,1.0,1.0,1.0,0.996173241514445,1.0,0.0,0.0,0.0038267584855551234,0.0,0.0,0.0038267584855551234,0.047,0.0355271051063845,0.06193993808152845,0.13034445452679463,0.13458430655715042,1.8728974629946091,1.0,9.99939361764711e-07,,,
gaussian4,400,0.5,0.25,1000,1.0,1.0,0.997,0.9912169859464969,0.9989792161188614,0.003,0.0010207838811386186,0.008783014053503173,0.0,0.0,0.0038267584855551234,0.986,0.9766379658824644,0.9916424248695761,0.03083025802828593,0.05555996432816906,1.1452724992522638,1.0,9.999908501076852e-07,0.936,0.9190992674988255,0.9495637991017706
gaussian4,400,0.75,0.375,1000,1.0,1.0,0.826,0.8012673037329014,0.8482376497345165,0.174,0.15176235026548338,0.19873269626709858,0.0,0.0,0.0038267584855551234,1.0,0.996173241514445,1.0,0.02293210155457709,0.04998742729809356,1.157696786191587,1.0,9.999913798262505e-07,0.945,0.9290916123226243,0.9575025726252315
gaussian4,400,0.9,0.45,1000,1.0,1.0,0.257,0.23088201740604794,0.28497778721793177,0.741,0.7129617374007885,0.7671937650091739,0.002,0.000548643588120728,0.007262807863492177,1.0,0.996173241514445,1.0,0.022598246630747054,0.05176948126080655,1.1019204299605008,1.0,9.999851816976285e-07,0.957,0.942580996155916,0.9679213465882865
gaussian4,400,1.0,0.5,1000,1.0,1.0,0.059,0.04601429821280047,0.07536090277145915,0.91,0.8906582073569279,0.926203850684917,0.031,0.02192400344715857,0.04366549601229214,1.0,0.996173241514445,1.0,0.02064514031216047,0.05372096005743729,1.038156050185439,0.9999966666666666,9.999866635592306e-07,0.941,0.9246390972285408,0.9539857017871995
gaussian4,400,1.1,0.55,1000,1.0,1.0,0.004,0.0015565881404084308,0.010239556277262253,0.774,0.7470576210232625,0.7988453153266535,0.222,0.19733303685615078,0.2487946408618179,1.0,0.996173241514445,1.0,0.02222826148853041,0.054341174600004705,1.037077345115315,0.9999966666666666,9.999226097964955e-07,0.949,0.9335645136552383,0.9609990572247332
gaussian4,400,1.25,0.625,1000,1.0,1.0,0.0,0.0,0.0038267584855551234,0.189,0.1659418620747839,0.21443838170323143,0.811,0.7855616182967687,0.8340581379252162,1.0,0.996173241514445,1.0,0.028334475463681397,0.05537193998333922,1.0825949550178253,0.9999983333333333,9.999208470157807e-07,0.973,0.9610012692469598,0.9813786172257051
gaussian4,400,1.5,0.75,1000,1.0,1.0,0.0,0.0,0.0038267584855551234,0.0,0.0,0.0038267584855551234,1.0,0.996173241514445,1.0,1.0,0.996173241514445,1.0,0.04065788351157873,0.06462767849157033,1.0609422449054298,0.9999933333333333,9.999875761749244e-07,0.981,0.9705155440876868,0.9878031142492091
gaussian4,800,0.0,0.0,1000,1.0,1.0,1.0,0.996173241514445,1.0,0.0,0.0,0.0038267584855551234,0.0,0.0,0.0038267584855551234,0.069,0.054883945585911253,0.08641472022863728,0.09893568989399722,0.10229611237124862,1.6949402168705578,1.0,9.999967382830674e-07,,,
gaussian4,800,0.5,0.25,1000,1.0,1.0,1.0,0.996173241514445,1.0,0.0,0.0,0.0038267584855551234,0.0,0.0,0.0038267584855551234,1.0,0.996173241514445,1.0,0.019414902235956544,0.0392545785389727,1.1075219262911076,1.0,9.999922409050475e-07,0.951,0.9358092984933898,0.9627389653526394
gaussian4,800,0.75,0.375,1000,1.0,1.0,0.96,0.945990355878742,0.9704890263145473,0.04,0.02951097368545276,0.05400964412125796,0.0,0.0,0.0038267584855551234,1.0,0.996173241514445,1.0,0.014684290564483615,0.03800959159888579,1.0572097745336473,1.0,9.998945997992717e-07,0.951,0.9358092984933898,0.9627389653526394
gaussian4,800,0.9,0.45,1000,1.0,1.0,0.4,0.37007478121137727,0.4306905704857338,0.6,0.5693094295142662,0.6299252187886226,0.0,0.0,0.0038267584855551234,1.0,0.996173241514445,1.0,0.012567963622270972,0.03762964105149367,1.0356195978899367,1.0,9.999656352058378e-07,0.949,0.9335645136552383,0.9609990572247332
gaussian4,800,1.0,0.5,1000,1.0,1.0,0.058,0.04513327823499824,0.0742495762662325,0.897,0.8766163637675564,0.9143451899949129,0.045,0.03379951228563171,0.059682837936223455,1.0,0.996173241514445,1.0,0.011700716141025747,0.037628149601270845,1.0275554182294013,1.0,9.999436165644231e-07,0.942,0.9257504237337675,0.9548667217650018
gaussian4,800,1.1,0.55,1000,1.0,1.0,0.002,0.000548643588120728,0.007262807863492177,0.622,0.5915339669665516,0.651532303962973,0.376,0.34650662606266847,0.4064424100417492,1.0,0.996173241514445,1.0,0.014066558822536268,0.03853088962993274,1.0237544966658565,1.0,9.9990574951849e-07,0.964,0.9505643395327921,0.9738844285926127
gaussian4,800,1.25,0.625,1000,1.0,1.0,0.0,0.0,0.0038267584855551234,0.033,0.023592927958426907,0.04598126446708159,0.967,0.9540187355329184,0.9764070720415732,1.0,0.996173241514445,1.0,0.017365201672486674,0.04046865690261637,1.0124719185666136,0.9999985074626866,9.999801800728847e-07,0.968,0.9551752619162314,0.9772428921412891
gaussian4,800,1.5,0.75,1000,1.0,1.0,0.0,0.0,0.0038267584855551234,0.0,0.0,0.0038267584855551234,1.0,0.996173241514445,1.0,1.0,0.996173241514445,1.0,0.024960098402645237,0.04386063456698044,1.0427885200387073,0.9999940298507464,9.998765836966395e-07,0.984,0.97416793978826,0.9901277579977227
t15,800,0.75,0.375,1000,1.0,1.0,0.996,0.9897604437227377,0.9984434118595916,0.004,0.0015565881404084308,0.010239556277262253,0.0,0.0,0.0038267584855551234,1.0,0.996173241514445,1.0,0.010917056955900617,0.029540500732006147,1.0308984323960615,0.9999820895522389,9.999226093062464e-07,0.949,0.9335645136552383,0.9609990572247332
t15,800,1.0,0.5,1000,1.0,1.0,0.044,0.0329382145884185,0.058551789150407776,0.902,0.882005297700964,0.9189179884766496,0.054,0.04162131372306273,0.06979215484605245,1.0,0.996173241514445,1.0,0.01208149438475048,0.03057043257492189,1.0049295776512739,0.9999791044776121,9.999810931255816e-07,0.956,0.9414482108495923,0.9670617854115815
t15,800,1.25,0.625,1000,1.0,1.0,0.0,0.0,0.0038267584855551234,0.003,0.0010207838811386186,0.008783014053503173,0.997,0.9912169859464969,0.9989792161188614,1.0,0.996173241514445,1.0,0.016033372944165625,0.0330018853680197,0.9896716429002338,0.999976119402985,9.999885069813419e-07,0.973,0.9610012692469598,0.9813786172257051
t3,800,0.75,0.375,1000,0.99,0.99,0.98989898989899,0.9815066040986363,0.9945041986213622,0.010101010101010102,0.0054958013786377815,0.018493395901363723,0.0,0.0,0.003865263203300507,1.0,0.9961347367966994,1.0,0.014478044845524507,0.03238690576606862,1.0387898182115487,0.9984955223880597,9.99975958445013e-07,0.9494949494949495,0.9340325716620406,0.961482494751154
t3,800,1.0,0.5,1000,0.989,0.989,0.043478260869565216,0.03243719123074786,0.0580520384670214,0.884732052578362,0.8633236928777254,0.9031632353614746,0.0717896865520728,0.05730432310533889,0.08958867529334391,1.0,0.9961308436643479,1.0,0.014518370353090337,0.03407051054293425,0.9743313073628372,0.9985044776119404,9.999939134790526e-07,0.9565217391304348,0.9419479615329786,0.9675628087692522
t3,800,1.25,0.625,1000,0.98,0.98,0.0,0.0,0.0039045506633749558,0.0020408163265306124,0.0005598439687972603,0.007410402406155758,0.9979591836734694,0.9925895975938442,0.9994401560312028,1.0,0.9960954493366252,1.0,0.018272543101063965,0.03492425515323614,1.0198319470324235,0.9982179104477613,9.998506432529168e-07,0.9734693877551021,0.9614099509861318,0.9818314540999786
t30,800,0.75,0.375,1000,0.999,0.999,0.995995995995996,0.989750240217885,0.9984418526433143,0.004004004004004004,0.0015581473566857055,0.010249759782114936,0.0,0.0,0.0038305744012733026,1.0,0.9961694255987266,1.0,0.010861862797221566,0.029654581017372558,1.010004974935781,0.9999985074626866,9.999876628693678e-07,0.944944944944945,0.9290213115518118,0.957459788905914
t30,800,1.0,0.5,1000,0.999,0.999,0.03203203203203203,0.022779977734274207,0.04486925856721782,0.9109109109109109,0.8916355532835099,0.9270382189052335,0.057057057057057055,0.04429799808368944,0.07320956782734844,1.0,0.9961694255987266,1.0,0.012187738456777342,0.0293998784798371,1.0424141532551305,0.9999940298507464,9.999896249455677e-07,0.9679679679679679,0.9551307414327821,0.9772200222657257
t30,800,1.25,0.625,1000,1.0,1.0,0.0,0.0,0.0038267584855551234,0.002,0.000548643588120728,0.007262807863492177,0.998,0.9927371921365079,0.9994513564118793,1.0,0.996173241514445,1.0,0.014455640594865593,0.032199076512410336,0.9814095843378318,0.9999985074626866,9.997866603753438e-07,0.965,0.9517133776255466,0.9747277369828871
t5,400,0.0,0.0,1000,0.995,0.995,1.0,0.9961540855290193,1.0,0.0,0.0,0.0038459144709808452,0.0,0.0,0.0038459144709808452,0.04924623115577889,0.03744927251725494,0.06451031067919713,0.12126673324770987,0.12435149246639068,1.8354256887586489,0.9994566666666667,9.99872421103289e-07,,,
t5,400,0.5,0.25,1000,0.996,0.996,1.0,0.9961579320533226,1.0,0.0,0.0,0.0038420679466773643,0.0,0.0,0.0038420679466773643,1.0,0.9961579320533226,1.0,0.029788156997249404,0.0474844923101546,1.1431546226884755,0.9994966666666667,9.999066069335283e-07,0.9588353413654619,0.9446324224758639,0.9695125071393339
t5,400,0.75,0.375,1000,0.995,0.995,0.914572864321608,0.8955709567764024,0.9303859483104727,0.08542713567839195,0.06961405168952724,0.1044290432235976,0.0,0.0,0.0038459144709808452,1.0,0.9961540855290193,1.0,0.023000282292939767,0.04624972692416636,1.0494625888729001,0.9994683333333332,9.998048273668343e-07,0.9447236180904522,0.928738709147897,0.9572877890362054
t5,400,0.9,0.45,1000,0.995,0.995,0.2814070351758794,0.2543476086951591,0.31014784134994317,0.7165829145728643,0.6877898466242922,0.7437100637907903,0.0020100502512562816,0.0005514014575290298,0.007299152553266968,1.0,0.9961540855290193,1.0,0.023971136548438632,0.045431930760055333,1.0919448978658184,0.9994416666666666,9.997393340131905e-07,0.9608040201005025,0.9468672459872456,0.9711963685153782
t5,400,1.0,0.5,1000,0.994,0.994,0.030181086519114688,0.02122154820787763,0.04275801313059952,0.9235412474849095,0.9053426206356455,0.9384788026545069,0.04627766599597585,0.03487279094252536,0.06117599313381981,1.0,0.9961502312950253,1.0,0.024881208839686697,0.04651249817553904,1.0682735138533617,0.9994233333333333,9.99999494234232e-07,0.9698189134808853,0.9572419868694004,0.9787784517921223
t5,400,1.1,0.55,1000,0.99,0.99,0.00101010101010101,0.00017832988994192058,0.005699326721028686,0.6494949494949495,0.6192478362288031,0.6785863881063717,0.34949494949494947,0.32042708455103014,0.3797262977061249,1.0,0.9961347367966994,1.0,0.024680736327797548,0.04862662092432891,1.0202347068390711,0.999435,9.999841750712436e-07,0.9565656565656566,0.9420060862855161,0.9675957339813691
t5,400,1.25,0.625,1000,0.983,0.983,0.0,0.0,0.0038926808215828173,0.06307222787385554,0.04951109078770897,0.08003500567794682,0.9369277721261444,0.9199649943220531,0.950488909212291,1.0,0.9961073191784173,1.0,0.028090951037666345,0.049378359661839136,1.0701676557985174,0.9994233333333332,9.999867761980008e-07,0.9745676500508647,0.9627255668311322,0.982715052490804
t5,400,1.5,0.75,1000,0.968,0.968,0.0,0.0,0.0039527628563568815,0.0010330578512396695,0.0001823833594969803,0.005828328333933545,0.9989669421487604,0.9941716716660665,0.9998176166405031,1.0,0.9960472371436431,1.0,0.033384790159623035,0.05848207229232393,0.8295975806181052,0.9993733333333332,9.998312892550417e-07,0.981404958677686,0.9707982884400023,0.9882058696363153
t5,800,0.0,0.0,1000,0.998,0.998,1.0,0.9961656020652048,1.0,0.0,0.0,0.0038343979347950454,0.0,0.0,0.0038343979347950454,0.06312625250501001,0.04964958493189068,0.07995321566845126,0.08847652963068152,0.09081796495751969,1.7020804108276963,0.9995686567164179,9.99905927596172e-07,,,
t5,800,0.5,0.25,1000,0.997,0.997,1.0,0.9961617708910455,1.0,0.0,0.0,0.0038382291089545505,0.0,0.0,0.0038382291089545505,1.0,0.9961617708910455,1.0,0.017595219401771334,0.03255392444694763,1.0750836293877675,0.9995925373134329,9.99956425561351e-07,0.9558676028084253,0.9412735728090731,0.9669621842019203
t5,800,0.75,0.375,1000,0.999,0.999,0.996996996996997,0.991208232247139,0.998978193798442,0.003003003003003003,0.0010218062015579965,0.00879176775286081,0.0,0.0,0.0038305744012733026,1.0,0.9961694255987266,1.0,0.014113660600042377,0.03217296904369521,1.0103269320571377,0.9995895522388061,9.999754901193556e-07,0.9519519519519519,0.9368713539066494,0.9635700788417491
t5,800,0.9,0.45,1000,0.997,0.997,0.47843530591775324,0.4475700679256595,0.5094660843829513,0.5215646940822467,0.49053391561704857,0.5524299320743403,0.0,0.0,0.0038382291089545505,1.0,0.9961617708910455,1.0,0.013730660361252311,0.03198055471229473,1.0146181257977587,0.9995179104477614,9.999751170773087e-07,0.9598796389167502,0.9458292145921836,0.9703998164079053
t5,800,1.0,0.5,1000,0.994,0.994,0.03822937625754527,0.02797761714295324,0.05203655556445791,0.8853118712273642,0.8640021204016516,0.9036548988860641,0.07645875251509054,0.06152119734549315,0.09465737936435457,1.0,0.9961502312950253,1.0,0.013829991510753814,0.03292092921191475,0.9805962246951946,0.9995417910447761,9.99857728349591e-07,0.9617706237424547,0.947963444435542,0.9720223828570467
t5,800,1.1,0.55,1000,0.994,0.994,0.0,0.0,0.003849768704974616,0.4124748490945674,0.3822657047913026,0.4433578965715399,0.5875251509054326,0.55664210342846,0.6177342952086974,1.0,0.9961502312950253,1.0,0.015486007181773731,0.03154145395617754,1.0664053356909493,0.9995119402985075,9.99912778135214e-07,0.9748490945674044,0.9631350994968513,0.9829069712702552
t5,800,1.25,0.625,1000,0.99,0.99,0.0,0.0,0.003865263203300507,0.00202020202020202,0.0005541871930061179,0.007335862825634589,0.997979797979798,0.9926641371743654,0.9994458128069938,1.0,0.9961347367966994,1.0,0.01695232811715086,0.03236630529825985,1.0736658951336377,0.9995492537313433,9.998720675028362e-07,0.9808080808080808,0.9702196846813819,0.9876795773695856
t5,800,1.5,0.75,1000,0.993,0.993,0.0,0.0,0.0038536306718610345,0.0,0.0,0.0038536306718610345,1.0,0.9961463693281389,1.0,1.0,0.9961463693281389,1.0,0.019967854749669,0.03562972972426448,1.0316175639603455,0.9994268656716419,9.999528766209786e-07,0.9818731117824774,0.9715287250848181,0.9885035764731165
t8,800,0.75,0.375,1000,0.997,0.997,0.995987963891675,0.9897297720810999,0.9984387248208498,0.004012036108324975,0.0015612751791501192,0.01027022791890008,0.0,0.0,0.0038382291089545505,1.0,0.9961617708910455,1.0,0.013475507561945044,0.030183206224974814,1.0645763330295681,0.9998641791044777,9.99960612013116e-07,0.9638916750250752,0.9504167966493744,0.9738055083398103
t8,800,1.0,0.5,1000,0.999,0.999,0.04104104104104104,0.030395509107203664,0.05520272585372488,0.9129129129129129,0.8938085588285223,0.9288538797289847,0.04604604604604605,0.034697366134635074,0.060872534748202645,1.0,0.9961694255987266,1.0,0.012578287575007785,0.030583832761413358,1.0305361208154094,0.9998985074626867,9.999682754035337e-07,0.958958958958959,0.9447972741462751,0.9696044908927963
t8,800,1.25,0.625,1000,0.999,0.999,0.0,0.0,0.0038305744012733026,0.001001001001001001,0.0001767231155846813,0.005648184470070455,0.998998998998999,0.9943518155299296,0.9998232768844153,1.0,0.9961694255987266,1.0,0.015547323939181346,0.032404146421783325,1.0222449137944158,0.9998671641791044,9.997705206622205e-07,0.973973973973974,0.9621385834784144,0.9821781793263846
