n,m,rho,reps,applicability,correct_cardinality,max_residual,bias_D,p_equivalent,p_equivalent_lo,p_equivalent_hi,p_inconclusive,p_inconclusive_lo,p_inconclusive_hi,p_meaningfully_different,p_meaningfully_different_lo,p_meaningfully_different_hi,coverage_UD,coverage_UD_lo,coverage_UD_hi
400,1600,0.75,500,1.0,1.0,9.99987842790659e-07,0.017068492349052444,0.922,0.8951464501266115,0.9424186065238385,0.078,0.05758139347616159,0.10485354987338852,0.0,0.0,0.007624340461552241,0.928,0.9019315959830375,0.9475419685818739
400,1600,1.0,500,1.0,1.0,9.999298074898878e-07,0.011986922835513059,0.068,0.04906650742490687,0.0935209227338743,0.894,0.8639490699892671,0.9180429497270297,0.038,0.024460118055830385,0.05858477253064388,0.932,0.9064790772661258,0.9509334925750932
400,1600,1.25,500,1.0,1.0,9.998718133408612e-07,0.016688152730975014,0.0,0.0,0.007624340461552241,0.072,0.0524580314181262,0.09806840401696253,0.928,0.9019315959830375,0.9475419685818739,0.956,0.9342805571276716,0.9707660443713928
800,800,0.75,500,1.0,1.0,9.998587276738012e-07,0.010671178777551749,0.966,0.9462286344983655,0.9786654801914678,0.034,0.02133451980853219,0.053771365501634506,0.0,0.0,0.007624340461552241,0.926,0.8996652466777695,0.945838815248988
800,800,1.0,500,1.0,1.0,9.998384721615452e-07,0.013478806667105214,0.046,0.030845108370816204,0.06807779276827323,0.92,0.8928936834221488,0.9407018705901475,0.034,0.02133451980853219,0.053771365501634506,0.954,0.9319222072317267,0.9691548916291838
800,800,1.25,500,1.0,1.0,9.99951358734585e-07,0.01851682589579773,0.0,0.0,0.007624340461552241,0.052,0.035730265115705276,0.07510114393784553,0.948,0.9248988560621544,0.9642697348842947,0.95,0.9272318388284524,0.9659062547561506
1600,400,0.75,500,1.0,1.0,9.99827630486696e-07,0.014779335807040272,0.958,0.9366484142456699,0.9723676898915483,0.042,0.027632310108451703,0.06335158575433016,0.0,0.0,0.007624340461552241,0.95,0.9272318388284524,0.9659062547561506
1600,400,1.0,500,1.0,1.0,9.999715859901412e-07,0.01915572882190608,0.036,0.02289106098029272,0.056184326968027755,0.906,0.8772354441374409,0.9285735914077787,0.058,0.0406837291117572,0.08205618785625499,0.964,0.9438156730319722,0.9771089390197072
1600,400,1.25,500,1.0,1.0,9.99943490217899e-07,0.023552522057742054,0.0,0.0,0.007624340461552241,0.06,0.0423483564809462,0.08436106312521979,0.94,0.9156389368747802,0.9576516435190539,0.96,0.9390264041651492,0.9739592026102227
