w,shifted,reps,applicability,correct_cardinality,max_residual,low_mode_rmse,mt_rej,mt_lo,mt_hi,mmd_rej,mmd_lo,mmd_hi,energy_rej,energy_lo,energy_hi,gec_rej,gec_lo,gec_hi
0.025,False,500,0.98,0.98,9.99905146773566e-07,0.2328387091175523,0.106,0.08195705027297034,0.13605093001073285,0.028,0.01675097472075645,0.04644640267494888,0.034,0.02133451980853219,0.053771365501634506,0.042,0.027632310108451703,0.06335158575433016
0.025,True,500,0.978,0.978,9.999798897611107e-07,0.2415581941794381,0.202,0.16914122067557874,0.23940288623950645,0.034,0.02133451980853219,0.053771365501634506,0.038,0.024460118055830385,0.05858477253064388,0.046,0.030845108370816204,0.06807779276827323
0.05,False,500,0.998,0.998,9.99881904734583e-07,0.16102116669615163,0.068,0.04906650742490687,0.0935209227338743,0.044,0.02923395562860718,0.06571944287232845,0.044,0.02923395562860718,0.06571944287232845,0.048,0.03246520694135317,0.07042719683589006
0.05,True,500,0.998,0.998,9.998677022311018e-07,0.16216380273181155,0.268,0.23105397343634806,0.30848372053781226,0.044,0.02923395562860718,0.06571944287232845,0.042,0.027632310108451703,0.06335158575433016,0.038,0.024460118055830385,0.05858477253064388
0.1,False,500,1.0,1.0,9.998726440239058e-07,0.11671163413638827,0.074,0.054161184751011976,0.10033475332223055,0.056,0.03902562068315149,0.0797447936467069,0.06,0.0423483564809462,0.08436106312521979,0.05,0.034093745243849435,0.0727681611715476
0.1,True,500,1.0,1.0,9.997150990441065e-07,0.11746066185697453,0.478,0.43455096039387586,0.5217845105864325,0.054,0.03737435018105752,0.07742656151064709,0.05,0.034093745243849435,0.0727681611715476,0.062,0.044019209142681565,0.08665971310163822
0.15,False,500,1.0,1.0,9.999725515617285e-07,0.08894928980433067,0.06,0.0423483564809462,0.08436106312521979,0.058,0.0406837291117572,0.08205618785625499,0.056,0.03902562068315149,0.0797447936467069,0.05,0.034093745243849435,0.0727681611715476
0.15,True,500,1.0,1.0,9.999745959015993e-07,0.09503365632006734,0.566,0.5222171596922527,0.6087764273668224,0.06,0.0423483564809462,0.08436106312521979,0.064,0.04569601604478943,0.08895240883768415,0.084,0.06274413680383038,0.1115993144601811
0.25,False,500,1.0,1.0,9.997355117137262e-07,0.07035397241846107,0.052,0.035730265115705276,0.07510114393784553,0.036,0.02289106098029272,0.056184326968027755,0.036,0.02289106098029272,0.056184326968027755,0.052,0.035730265115705276,0.07510114393784553
0.25,True,500,1.0,1.0,9.997703647426865e-07,0.0728282477201109,0.858,0.8246703326752246,0.885870639554304,0.108,0.08372280963705037,0.13825467328480662,0.13,0.10332065036463456,0.16232136157691412,0.244,0.208398855460222,0.2835048068560928
