d,n,rho,reps,applicability,correct_cardinality,max_residual,p_equivalent,p_equivalent_lo,p_equivalent_hi,p_meaningfully_different,p_meaningfully_different_lo,p_meaningfully_different_hi
2,400,0.75,200,1.0,1.0,9.998444501252936e-07,0.81,0.7499876129240015,0.8583282847220932,0.0,0.0,0.018845326377266575
2,400,1.0,200,1.0,1.0,9.99141048213284e-07,0.035,0.017055542008567192,0.07047061152229073,0.04,0.020405632066152306,0.07693206820093293
2,400,1.25,200,1.0,1.0,9.998620446754615e-07,0.0,0.0,0.018845326377266575,0.79,0.7283538314009754,0.8407158793002101
2,1600,0.75,200,1.0,1.0,9.999887828185971e-07,1.0,0.9811546736227335,1.0,0.0,0.0,0.018845326377266575
2,1600,1.0,200,1.0,1.0,9.98858714560509e-07,0.055,0.03098534170345884,0.0957869987723084,0.05,0.02738264560076393,0.08957814813877599
2,1600,1.25,200,1.0,1.0,9.999734079417435e-07,0.0,0.0,0.018845326377266575,1.0,0.9811546736227335,1.0
4,400,0.75,200,1.0,1.0,9.985443812912531e-07,0.68,0.6124810156588646,0.7407346668453195,0.0,0.0,0.018845326377266575
4,400,1.0,200,1.0,1.0,9.99826128011564e-07,0.035,0.017055542008567192,0.07047061152229073,0.055,0.03098534170345884,0.0957869987723084
4,400,1.25,200,1.0,1.0,9.998651368638674e-07,0.0,0.0,0.018845326377266575,0.725,0.6593166064233035,0.7822029967069265
4,1600,0.75,200,1.0,1.0,9.997598187455252e-07,1.0,0.9811546736227335,1.0,0.0,0.0,0.018845326377266575
4,1600,1.0,200,1.0,1.0,9.998896948159232e-07,0.03,0.013820314340111346,0.06389429245451925,0.06,0.03465219425433187,0.1019316929576627
4,1600,1.25,200,1.0,1.0,9.99941847970364e-07,0.0,0.0,0.018845326377266575,1.0,0.9811546736227335,1.0
6,400,0.75,200,1.0,1.0,9.999252481731662e-07,0.62,0.5510671801561923,0.6844099415132637,0.0,0.0,0.018845326377266575
6,400,1.0,200,1.0,1.0,9.9968323412262e-07,0.03,0.013820314340111346,0.06389429245451925,0.025,0.010724719651761264,0.05717834040664198
6,400,1.25,200,0.995,0.995,9.998327738673756e-07,0.0,0.0,0.018938233056634942,0.7135678391959799,0.6471764608358092,0.7718700225319598
6,1600,0.75,200,1.0,1.0,9.996457942628405e-07,0.99,0.9642782382838231,0.9972533418664555,0.0,0.0,0.018845326377266575
6,1600,1.0,200,1.0,1.0,9.998093891028633e-07,0.035,0.017055542008567192,0.07047061152229073,0.075,0.04597491718438201,0.12004361023629456
6,1600,1.25,200,1.0,1.0,9.992420487793025e-07,0.0,0.0,0.018845326377266575,1.0,0.9811546736227335,1.0
8,400,0.75,200,1.0,1.0,9.994320329434959e-07,0.615,0.5459986722024608,0.6796669027307678,0.0,0.0,0.018845326377266575
8,400,1.0,200,0.995,0.995,9.998190075767718e-07,0.010050251256281407,0.002760482210699307,0.03589758535736006,0.04522613065326633,0.023973316045364932,0.08370417231267992
8,400,1.25,200,1.0,1.0,9.995394648262344e-07,0.0,0.0,0.018845326377266575,0.655,0.5867558925905368,0.7174020562325106
8,1600,0.75,200,1.0,1.0,9.995881147062074e-07,0.97,0.9361057075454807,0.9861796856598887,0.0,0.0,0.018845326377266575
8,1600,1.0,200,1.0,1.0,9.994264001979863e-07,0.02,0.0078044264163494685,0.050287086905826436,0.075,0.04597491718438201,0.12004361023629456
8,1600,1.25,200,1.0,1.0,9.999383137797528e-07,0.0,0.0,0.018845326377266575,1.0,0.9811546736227335,1.0
