K_x,K_y,n_starts,max_residual,rep,seconds,name,study,d,n,c_start
4,4,369,9.223440577047387e-07,0,3.518306255340576,dim_d8,d,8,1600,50.0
4,4,369,9.550265886346569e-07,1,3.94246506690979,dim_d8,d,8,1600,50.0
4,4,369,9.69754186922764e-07,2,3.527977228164673,dim_d8,d,8,1600,50.0
4,4,369,9.966761337559429e-07,3,3.456254243850708,dim_d8,d,8,1600,50.0
4,4,369,9.533072529420814e-07,4,3.4050049781799316,dim_d8,d,8,1600,50.0
4,4,369,9.514151181455353e-07,5,3.359571933746338,dim_d8,d,8,1600,50.0
4,4,369,8.724048332774326e-07,6,3.4231889247894287,dim_d8,d,8,1600,50.0
4,4,369,9.877470016618743e-07,7,3.4649300575256348,dim_d8,d,8,1600,50.0
4,4,369,9.254348432156466e-07,8,3.325176954269409,dim_d8,d,8,1600,50.0
4,4,369,8.290581541022985e-07,9,3.4646530151367188,dim_d8,d,8,1600,50.0
