study,d,n,c_start,reps,seconds_mean,seconds_sd,n_starts,correct_cardinality,max_residual
c_start,2,800,5.0,10,0.08582959175109864,0.03682489595202879,34,1.0,9.994280922736013e-07
c_start,2,800,10.0,10,0.1324324369430542,0.046806671109314746,67,1.0,9.98403270263631e-07
c_start,2,800,25.0,10,0.30684561729431153,0.0539066531994818,168,1.0,9.992683379661236e-07
c_start,2,800,50.0,10,0.614748764038086,0.05396540951352455,335,1.0,9.98147143885544e-07
c_start,2,800,100.0,10,1.1550758123397826,0.060884727288808796,669,1.0,9.872687158749183e-07
d,2,1600,50.0,10,0.7923708915710449,0.01826055640476932,369,1.0,9.963609839563116e-07
d,4,1600,50.0,10,1.8717327117919922,0.15622025969131909,369,1.0,9.99210751723258e-07
d,6,1600,50.0,10,2.6276870489120485,0.07527819968795818,369,1.0,9.89751583296973e-07
d,8,1600,50.0,10,3.4887528657913207,0.17166774607356222,369,1.0,9.966761337559429e-07
n,2,400,50.0,10,0.32318065166473386,0.029336663389314493,300,1.0,9.95376489615144e-07
n,2,800,50.0,10,0.4693149566650391,0.0161753356897827,335,1.0,9.93836624713319e-07
n,2,1600,50.0,10,0.9064669132232666,0.22508010326535577,369,1.0,9.967150619188957e-07
n,2,3200,50.0,10,1.679384136199951,0.24557584489428833,404,1.0,9.898705478393519e-07
n,2,6400,50.0,10,3.8788740158081056,0.22628580249457944,439,1.0,9.924052434539263e-07
n,2,12800,50.0,10,8.351430678367615,1.0711004263799917,473,1.0,9.987950253296344e-07
