c_h,order,rho,reps,n_applicable,applicability,correct_cardinality,max_residual,mean_D_hat,D_A,p_equivalent,p_equivalent_lo,p_equivalent_hi,p_inconclusive,p_inconclusive_lo,p_inconclusive_hi,p_meaningfully_different,p_meaningfully_different_lo,p_meaningfully_different_hi
0.5,6,0.75,500,326,0.652,0.586,9.998561567479188e-07,0.4861008368613821,0.375,0.39570552147239263,0.3441339200953849,0.4497064290131677,0.5368098159509203,0.48256663480492545,0.5901955949214678,0.06748466257668712,0.04498490608623247,0.10005889462864771
0.5,6,1.0,500,305,0.61,0.556,9.99979674388635e-07,0.608054564342631,0.5,0.05245901639344262,0.03254511198509316,0.08350620754161199,0.8524590163934426,0.8082803618575715,0.887869697855829,0.09508196721311475,0.06701900249294847,0.13321790565026093
0.5,6,1.25,500,313,0.626,0.586,9.999980571555697e-07,0.6885399534190707,0.625,0.0,0.0,0.012124230316929803,0.6549520766773163,0.6006951388017725,0.7054516652214153,0.3450479233226837,0.29454833477858455,0.3993048611982275
0.75,6,0.75,500,499,0.998,0.998,9.999446009111554e-07,0.3950522104172206,0.375,0.8517034068136272,0.8178376590050432,0.8801954761767584,0.14829659318637275,0.11980452382324157,0.18216234099495665,0.0,0.0,0.007639502975159281
0.75,6,1.0,500,500,1.0,1.0,9.999770741644606e-07,0.515517919471949,0.5,0.056,0.03902562068315149,0.0797447936467069,0.914,0.8861601885014425,0.9355268575963924,0.03,0.018263213197913384,0.04890366683594573
0.75,6,1.25,500,499,0.998,0.998,9.997841308004647e-07,0.6363360502012745,0.625,0.0,0.0,0.007639502975159281,0.2625250501002004,0.2258380431377549,0.30284043823521645,0.7374749498997996,0.6971595617647834,0.7741619568622451
1.0,2,0.75,500,488,0.976,0.976,9.998843147637656e-07,0.4002382846285177,0.375,0.7315573770491803,0.6905432372656962,0.768954423915385,0.26844262295081966,0.23104557608461498,0.3094567627343039,0.0,0.0,0.007810359927576925
1.0,2,1.0,500,484,0.968,0.968,9.99965559835411e-07,0.5262345858257838,0.5,0.05371900826446281,0.03691987956644112,0.07754652711347704,0.9338842975206612,0.9081546455446257,0.9527807924054539,0.012396694214876033,0.005693564167386899,0.026778991279190353
1.0,2,1.25,500,483,0.966,0.966,9.99917093687083e-07,0.6443804051353184,0.625,0.0,0.0,0.007890574541452419,0.4472049689440994,0.40345342263819145,0.491789681505937,0.5527950310559007,0.508210318494063,0.5965465773618086
1.0,4,0.75,500,500,1.0,1.0,9.999812855308615e-07,0.39206167429267413,0.375,0.908,0.8794612618638256,0.930317276319548,0.092,0.06968272368045207,0.12053873813617456,0.0,0.0,0.007624340461552241
1.0,4,1.0,500,500,1.0,1.0,9.999661837778628e-07,0.5134801688191593,0.5,0.05,0.034093745243849435,0.0727681611715476,0.926,0.8996652466777695,0.945838815248988,0.024,0.013781314655496986,0.041477057463900756
1.0,4,1.25,500,500,1.0,1.0,9.999271634248913e-07,0.6394487994508051,0.625,0.0,0.0,0.007624340461552241,0.106,0.08195705027297034,0.13605093001073285,0.894,0.8639490699892671,0.9180429497270297
1.0,6,0.75,500,500,1.0,1.0,9.999207475323269e-07,0.3896618899279216,0.375,0.958,0.9366484142456699,0.9723676898915483,0.042,0.027632310108451703,0.06335158575433016,0.0,0.0,0.007624340461552241
1.0,6,1.0,500,500,1.0,1.0,9.99871040605973e-07,0.5114771051301833,0.5,0.024,0.013781314655496986,0.041477057463900756,0.936,0.911047591162316,0.9543039839552107,0.04,0.026040797389777257,0.060973595834850805
1.0,6,1.25,500,500,1.0,1.0,9.999751491256962e-07,0.6403018703123747,0.625,0.0,0.0,0.007624340461552241,0.034,0.02133451980853219,0.053771365501634506,0.966,0.9462286344983655,0.9786654801914678
1.0,8,0.75,500,500,1.0,1.0,9.998548492119282e-07,0.3926800906768019,0.375,0.97,0.9510963331640543,0.9817367868020865,0.03,0.018263213197913384,0.04890366683594573,0.0,0.0,0.007624340461552241
1.0,8,1.0,500,500,1.0,1.0,9.999951760779038e-07,0.5151269063115789,0.5,0.038,0.024460118055830385,0.05858477253064388,0.906,0.8772354441374409,0.9285735914077787,0.056,0.03902562068315149,0.0797447936467069
1.0,8,1.25,500,500,1.0,1.0,9.99450252352204e-07,0.6482652166202514,0.625,0.0,0.0,0.007624340461552241,0.008,0.00311531518006224,0.020387035834105168,0.992,0.9796129641658948,0.9968846848199377
1.0,10,0.75,500,500,1.0,1.0,9.997855414355495e-07,0.39257835337369623,0.375,0.986,0.9713869308622147,0.9932022102091564,0.014,0.00679778979084349,0.02861306913778529,0.0,0.0,0.007624340461552241
1.0,10,1.0,500,500,1.0,1.0,9.999386663598573e-07,0.5212432793972273,0.5,0.018,0.009498193296197078,0.033851670908739286,0.91,0.8816905887106666,0.9320574521108606,0.072,0.0524580314181262,0.09806840401696253
1.0,10,1.25,500,500,1.0,1.0,9.997722169570322e-07,0.6562089032693826,0.625,0.0,0.0,0.007624340461552241,0.008,0.00311531518006224,0.020387035834105168,0.992,0.9796129641658948,0.9968846848199377
1.5,6,0.75,500,500,1.0,1.0,9.997001779963069e-07,0.4181138757196628,0.375,0.884,0.8529581630365658,0.9091863434889621,0.116,0.09081365651103794,0.1470418369634342,0.0,0.0,0.007624340461552241
1.5,6,1.0,500,500,1.0,1.0,9.998499379008885e-07,0.5653152862009719,0.5,0.002,0.00035313639455927456,0.011240706705146758,0.518,0.4742321113679192,0.561493412375465,0.48,0.43652842657373225,0.5237765470447299
1.5,6,1.25,500,500,1.0,1.0,9.99694800726558e-07,0.7289952211935129,0.625,0.0,0.0,0.007624340461552241,0.0,0.0,0.007624340461552241,1.0,0.9923756595384479,1.0
2.0,6,0.75,500,449,0.898,0.898,9.999689562927522e-07,0.583223835816583,0.375,0.0022271714922048997,0.00039325870200945454,0.012506308479640965,0.8730512249443207,0.8390611455757644,0.900712109444699,0.12472160356347439,0.09730783948353565,0.1585023487496102
2.0,6,1.0,500,136,0.272,0.272,9.999856777092702e-07,0.8371642986893588,0.5,0.0,0.0,0.027470099733582408,0.25735294117647056,0.19125460902471453,0.33678235114011207,0.7426470588235294,0.6632176488598879,0.8087453909752854
2.0,6,1.25,500,2,0.004,0.004,9.9999941522192e-07,1.159844195730641,0.625,0.0,0.0,0.6576197724933469,1.0,0.34238022750665303,1.0,0.0,0.0,0.6576197724933469
