applicable,K_x,K_y,D_hat,Q_hat,Q_bc,s_Q,Z,U_D,T0,p_exact,decision,mt_reject,success_x,success_y,max_residual_x,max_residual_y,correct_cardinality,rep,seconds,name,d,n,rho
True,4,4,0.5673537989739543,1.2875613328407125,1.2142638699813628,0.22458836347077976,0.9540292589969372,0.6292215138978026,143.29610529430633,4.891204668536588e-27,inconclusive,True,1.0,1.0,9.580679697638271e-07,9.344693098604331e-07,True,0,0.8727090358734131,d2_n400_rho1.00,2,400,1.0
True,4,4,0.5287689228519251,1.1183862950959405,1.0201275908937093,0.25189559126855493,0.07990449849616683,0.5988445056533619,120.44672678457155,2.6808785274788626e-22,inconclusive,True,1.0,1.0,9.567953909377522e-07,8.77437199390893e-07,True,1,0.910172700881958,d2_n400_rho1.00,2,400,1.0
True,4,4,0.4744838880947026,0.9005398402458651,0.8277710104774452,0.18168769702029075,-0.9479397468686084,0.5307119458552187,113.212228639367,8.316266209854443e-21,inconclusive,True,1.0,1.0,9.395552121394589e-07,7.985519682259098e-07,True,2,0.8499257564544678,d2_n400_rho1.00,2,400,1.0
True,4,4,0.5754003821814683,1.324342399258319,1.2429465789406753,0.2530108724953801,0.9602218930141486,0.6440326913718856,133.03325187667718,6.646084870507585e-25,inconclusive,True,1.0,1.0,9.765282239297039e-07,8.532717686505243e-07,True,3,0.939835786819458,d2_n400_rho1.00,2,400,1.0
True,4,4,0.5083806366748245,1.0338034869835995,0.9527203887404365,0.22089526031562148,-0.21403633193400806,0.5735984568596258,104.93931199226074,4.162459323349402e-19,inconclusive,True,1.0,1.0,9.013360260748709e-07,8.362554432441509e-07,True,4,0.985335111618042,d2_n400_rho1.00,2,400,1.0
True,4,4,0.5764852585385954,1.3293410132492451,1.2594682462430058,0.21780570086014606,1.1912830803708458,0.6359494365265065,164.15713627426652,2.1589211175382467e-31,inconclusive,True,1.0,1.0,8.226060596126806e-07,7.936140054896896e-07,True,5,0.9412457942962646,d2_n400_rho1.00,2,400,1.0
True,4,4,0.4031698110878689,0.6501835862905117,0.5737763659420513,0.1647950924327612,-2.5863854788749503,0.4595759380760381,83.43682389446903,9.91613533814917e-15,equivalent,True,1.0,1.0,7.832486948271399e-07,9.520489023766103e-07,True,6,0.9865281581878662,d2_n400_rho1.00,2,400,1.0
True,4,4,0.5835679446608337,1.3622061841426798,1.2742755759230464,0.24247835122537093,1.131134282862727,0.6467451142825338,151.40128208942798,1.0002265590335667e-28,inconclusive,True,1.0,1.0,9.545788109263054e-07,8.434781652388667e-07,True,7,1.0266618728637695,d2_n400_rho1.00,2,400,1.0
True,4,4,0.5736387647693485,1.316245729784416,1.2383259607181683,0.25667582720465376,0.9285095652117847,0.6443058524579984,149.65243751654327,2.3169762141069596e-28,inconclusive,True,1.0,1.0,8.391974173699161e-07,8.134755032096444e-07,True,8,0.9479348659515381,d2_n400_rho1.00,2,400,1.0
True,4,4,0.5175398555084693,1.0713900081589092,0.9802168668619009,0.2334986121292692,-0.08472484250633054,0.5840136783310097,124.1028586778348,4.7062096583689797e-23,inconclusive,True,1.0,1.0,8.167535721232469e-07,7.963858327333503e-07,True,9,0.9751172065734863,d2_n400_rho1.00,2,400,1.0
True,4,4,0.4514937002334837,0.8153862454020913,0.7399524673253608,0.18726831953870526,-1.3886360133695315,0.5118548236394054,89.80750045626164,5.088258347216028e-16,inconclusive,True,1.0,1.0,9.833945568064733e-07,8.99168309741192e-07,True,10,0.931084156036377,d2_n400_rho1.00,2,400,1.0
True,4,4,0.6237196672539721,1.556104893277623,1.4838817340546229,0.25069501498234537,1.9301609730400868,0.6885198506047207,176.4109686169191,5.834897444036628e-34,meaningfully_different,True,1.0,1.0,9.335322603537851e-07,9.095677566642017e-07,True,11,0.9521770477294922,d2_n400_rho1.00,2,400,1.0
True,4,4,0.5208719721661477,1.0852304455530086,1.0155421890665863,0.2168858941533222,0.07166067266504275,0.5857234284838049,136.31170779773072,1.3864343214647897e-25,inconclusive,True,1.0,1.0,8.176448615728127e-07,7.963244349163311e-07,True,12,1.2975809574127197,d2_n400_rho1.00,2,400,1.0
True,4,4,0.5380308918970942,1.1579089625423307,1.0887224784429126,0.21610348475171057,0.41055551947646374,0.6008704267838483,134.91660657603978,2.701710984282056e-25,inconclusive,True,1.0,1.0,8.286406444081603e-07,8.980874269456673e-07,True,13,1.2575280666351318,d2_n400_rho1.00,2,400,1.0
True,4,4,0.5455483788318181,1.1904921345840993,1.1185349224499626,0.21222247865320243,0.5585408445052759,0.6057247386774197,156.71273727772933,7.78151511872815e-30,inconclusive,True,1.0,1.0,9.459512844683308e-07,8.051700506457393e-07,True,14,1.270866870880127,d2_n400_rho1.00,2,400,1.0
True,4,4,0.4795381267609687,0.9198272600696755,0.8357559022261867,0.19751162116477738,-0.8315667544280341,0.5386635333545737,111.06272640614384,2.3023153625598875e-20,inconclusive,True,1.0,1.0,9.831814231890582e-07,7.074579517992513e-07,True,15,1.4897327423095703,d2_n400_rho1.00,2,400,1.0
True,4,4,0.5220152862439833,1.089999836289551,1.0120756189353959,0.22835959409128437,0.05287984060161177,0.5890020639873876,118.1452530095398,8.004381506277935e-22,inconclusive,True,1.0,1.0,7.249053588735112e-07,8.270067480707936e-07,True,16,1.5524349212646484,d2_n400_rho1.00,2,400,1.0
True,4,4,0.512840098892028,1.0520198681263402,0.9628213244975108,0.22972246589657214,-0.16184170476050938,0.5789389336794778,109.764777816124,4.2557584147495525e-20,inconclusive,True,1.0,1.0,8.797256050741869e-07,9.156789942174255e-07,True,17,1.5097730159759521,d2_n400_rho1.00,2,400,1.0
True,4,4,0.5452528657962524,1.1892027506361043,1.086846009100665,0.2582007327634372,0.3363507460694667,0.6147252274122423,93.43486600205497,9.318294191325318e-17,inconclusive,True,1.0,1.0,9.858120484742332e-07,8.799967214184262e-07,True,18,1.5652318000793457,d2_n400_rho1.00,2,400,1.0
True,4,4,0.5097700369538886,1.0394619623038754,0.9649414607470537,0.20026475527981258,-0.17506095470449642,0.568847007072113,152.63218596185672,5.536307001723022e-29,inconclusive,True,1.0,1.0,9.828315182632762e-07,8.250904340885177e-07,True,19,1.3949041366577148,d2_n400_rho1.00,2,400,1.0
True,4,4,0.5732261953502648,1.3143530841429594,1.226046296478407,0.2582602252687122,0.875265621112242,0.6424263702380515,134.55151012351578,3.2169271568049824e-25,inconclusive,True,1.0,1.0,9.3421386461406e-07,8.805471081902181e-07,True,20,1.5637791156768799,d2_n400_rho1.00,2,400,1.0
True,4,4,0.5689387014703559,1.2947649841230988,1.218173925553396,0.22920313085772245,0.9518802153223085,0.631502083657163,144.62386740726225,2.5878764555783912e-27,inconclusive,True,1.0,1.0,6.429493862200508e-07,8.367595095691246e-07,True,21,1.4893620014190674,d2_n400_rho1.00,2,400,1.0
True,4,4,0.4629613060011828,0.8573326834172832,0.7858701850611796,0.17162381025929777,-1.2476696247175871,0.5167606389416227,121.728769694291,1.456962326189796e-22,inconclusive,True,1.0,1.0,9.638359934169638e-07,9.696936437118786e-07,True,22,1.5276496410369873,d2_n400_rho1.00,2,400,1.0
True,4,4,0.5549926226994745,1.232067245003365,1.1510860960756886,0.21994842052524557,0.6869160311080614,0.6149937099919979,145.40125518737767,1.7824726641939307e-27,inconclusive,True,1.0,1.0,8.653988661352402e-07,8.561510302894508e-07,True,23,1.654831886291504,d2_n400_rho1.00,2,400,1.0
True,4,4,0.4302321988979222,0.740398979874165,0.6665796227602404,0.17924088883238962,-1.8601803383799616,0.49025622098403865,82.1133496819011,1.8340613480632077e-14,equivalent,True,1.0,1.0,8.4657273281608e-07,8.878040925926197e-07,True,24,1.357024908065796,d2_n400_rho1.00,2,400,1.0
True,4,4,0.5117920696358019,1.04772449016839,0.9704833840694972,0.19991234678797998,-0.14764778866713568,0.5699363852124391,136.8221127693795,1.0860838611922924e-25,inconclusive,True,1.0,1.0,9.200290299618854e-07,7.194905556178764e-07,True,25,1.415050745010376,d2_n400_rho1.00,2,400,1.0
True,4,4,0.5204883944209654,1.083632674907658,1.0074619004552563,0.20097836117900592,0.037127879894543414,0.5783688024909597,136.95991881788586,1.0167901244302256e-25,inconclusive,True,1.0,1.0,9.665543061101366e-07,9.911309985643509e-07,True,26,1.4327287673950195,d2_n400_rho1.00,2,400,1.0
True,4,4,0.5657452944297139,1.2802709526774545,1.2013485580551226,0.22075108322202694,0.9121067725525512,0.6253902337633559,151.81604086979814,8.195045472917507e-29,inconclusive,True,1.0,1.0,9.96984124312771e-07,9.715635105657917e-07,True,27,1.3027231693267822,d2_n400_rho1.00,2,400,1.0
True,4,4,0.5870970142863366,1.3787316167357238,1.304522213601346,0.23309866772708773,1.3064090694755963,0.6496028407130394,159.4893704137318,2.045103450128945e-30,inconclusive,True,1.0,1.0,8.011737202481341e-07,8.465791968888068e-07,True,28,1.4571797847747803,d2_n400_rho1.00,2,400,1.0
True,4,4,0.5306253604860451,1.1262530927637813,1.0356368356932522,0.23465370452766904,0.15186990448322568,0.5961559847605297,125.11296385727013,2.9088357019196726e-23,inconclusive,True,1.0,1.0,9.288383454281668e-07,9.66056699658894e-07,True,29,1.5921218395233154,d2_n400_rho1.00,2,400,1.0
True,4,4,0.6453471698388524,1.6658918784760668,1.584085201020591,0.25417442373734533,2.2979700019863665,0.7074893857478117,231.15814480232012,1.6844323436609883e-45,meaningfully_different,True,1.0,1.0,9.51298389263333e-07,8.324559339149317e-07,True,30,1.5325260162353516,d2_n400_rho1.00,2,400,1.0
True,4,4,0.5237637003461609,1.0973136552012122,1.0056133156245122,0.22453853151380454,0.024999342369739632,0.5862905281461042,106.56892042585173,1.9283044924999266e-19,inconclusive,True,1.0,1.0,9.372679880364355e-07,9.663057523159616e-07,True,31,1.5612947940826416,d2_n400_rho1.00,2,400,1.0
True,4,4,0.5130711758769099,1.05296812606286,0.979360413181719,0.20812247183771757,-0.09917039056875442,0.5748241939571817,124.03162552589195,4.868593858004848e-23,inconclusive,True,1.0,1.0,9.62937685345583e-07,9.852815858153346e-07,True,32,1.4808299541473389,d2_n400_rho1.00,2,400,1.0
True,4,4,0.5064960749295025,1.026153095675969,0.9635884139832741,0.17800370008595567,-0.20455521991477263,0.5604414433463233,142.40916156358958,7.482360387721871e-27,inconclusive,True,1.0,1.0,8.070904130015744e-07,9.574905573833249e-07,True,33,1.2907142639160156,d2_n400_rho1.00,2,400,1.0
True,4,4,0.5740639530163456,1.3181976886110123,1.2339956598469726,0.24370594419254202,0.9601557344949381,0.6393074898008212,152.7476972361573,5.237328082129307e-29,inconclusive,True,1.0,1.0,9.876734672440972e-07,8.024421893475285e-07,True,34,1.408499002456665,d2_n400_rho1.00,2,400,1.0
True,4,4,0.48888074158755124,0.9560175179807762,0.8874149450704938,0.18223687227953755,-0.617795144973786,0.5447861794786518,124.68816041967462,3.561269498227496e-23,inconclusive,True,1.0,1.0,9.765332356706752e-07,9.152697250504065e-07,True,35,1.4154689311981201,d2_n400_rho1.00,2,400,1.0
True,4,4,0.575441591969205,1.3245321030722121,1.2472712371439305,0.2524694795352461,0.9794104126927156,0.6446988785960525,154.09310359526611,2.7430472074289246e-29,inconclusive,True,1.0,1.0,8.756996028920146e-07,8.77006781095634e-07,True,36,1.4749889373779297,d2_n400_rho1.00,2,400,1.0
True,4,4,0.5257447267085219,1.1056300706472735,1.02207443385153,0.21638017397033468,0.10201689667999031,0.5869386994838186,129.67106397839666,3.30993570856971e-24,inconclusive,True,1.0,1.0,9.722234326947073e-07,9.023120892630876e-07,True,37,1.500187873840332,d2_n400_rho1.00,2,400,1.0
True,4,4,0.4920916337236866,0.9686167039233877,0.8884575191132102,0.2034681384072012,-0.5482061307483904,0.5529766777499209,111.46984387947468,1.8986303405391928e-20,inconclusive,True,1.0,1.0,8.056207718505482e-07,9.46800799280574e-07,True,38,1.4876058101654053,d2_n400_rho1.00,2,400,1.0
True,4,4,0.609820578804763,1.487524553335105,1.405344764310043,0.26265891915587086,1.5432362457468936,0.677749998180511,177.48425388444355,3.4736393673537745e-34,inconclusive,True,1.0,1.0,8.412731694128629e-07,8.052984637244635e-07,True,39,1.4592740535736084,d2_n400_rho1.00,2,400,1.0
True,4,4,0.5489337135119945,1.2053128873202739,1.1304466234363535,0.22287267725480453,0.5852966143858777,0.6117678389240693,132.06941458458803,1.0532504031714479e-24,inconclusive,True,1.0,1.0,9.00607016550567e-07,6.677953963630825e-07,True,40,1.2808997631072998,d2_n400_rho1.00,2,400,1.0
True,4,4,0.5117811068703408,1.047679605397725,0.9702460079930056,0.22056656635836122,-0.13489801513549493,0.577287996725159,109.10976302702487,5.801742168997753e-20,inconclusive,True,1.0,1.0,7.831450881923304e-07,8.707430035844911e-07,True,41,1.3142659664154053,d2_n400_rho1.00,2,400,1.0
True,4,4,0.5650879028660779,1.2772973518623276,1.192990468953859,0.23783908111741597,0.8114329573052121,0.6293252227903801,132.4560881543959,8.756229232841445e-25,inconclusive,True,1.0,1.0,8.451454651031929e-07,9.556525117340186e-07,True,42,1.3793060779571533,d2_n400_rho1.00,2,400,1.0
True,4,4,0.5108875803849844,1.0440244791664957,0.9585751655037106,0.23847173810675326,-0.17370961785729658,0.5811252594867189,124.54239196464745,3.817322445826657e-23,inconclusive,True,1.0,1.0,7.163595020487148e-07,8.286374929969813e-07,True,43,1.3892557621002197,d2_n400_rho1.00,2,400,1.0
True,4,4,0.4964228609525438,0.9857426275052346,0.897794998107476,0.2076240711896373,-0.49225988733827103,0.5566206528341769,104.04959538253453,6.333914760456485e-19,inconclusive,True,1.0,1.0,9.157587411360063e-07,8.74884390415319e-07,True,44,1.4809021949768066,d2_n400_rho1.00,2,400,1.0
True,4,4,0.4609649700878054,0.8499548145922052,0.7801325727796984,0.18024801145527655,-1.2198050089160373,0.5188000983453792,100.17048182239785,3.940005258991209e-18,inconclusive,True,1.0,1.0,9.405274121555642e-07,7.683895063560306e-07,True,45,1.408949851989746,d2_n400_rho1.00,2,400,1.0
True,4,4,0.5257639967371828,1.1057111210602253,1.0272656460724638,0.21924466540135584,0.1243617308660648,0.5890439349377188,134.56446007615608,3.1970739414970474e-25,inconclusive,True,1.0,1.0,9.460254608963541e-07,9.342167129787012e-07,True,46,1.4933040142059326,d2_n400_rho1.00,2,400,1.0
True,4,4,0.5015091741135788,1.0060458068803353,0.9333542400223708,0.20888465527466604,-0.31905531734724873,0.5650086111877882,110.57440553310789,2.90112586399461e-20,inconclusive,True,1.0,1.0,8.20361632446989e-07,7.275459583466409e-07,True,47,1.4068019390106201,d2_n400_rho1.00,2,400,1.0
True,4,4,0.5523839991842834,1.2205123302192897,1.1531785799152443,0.19835416327072317,0.7722478691116703,0.6081616036860634,186.21402360928994,5.093324896052895e-36,inconclusive,True,1.0,1.0,9.791449021038063e-07,9.532202288465467e-07,True,48,1.3295989036560059,d2_n400_rho1.00,2,400,1.0
True,4,4,0.5510421469283171,1.214589790765476,1.129281386118407,0.22217178009903227,0.581898322373707,0.6112940054549376,160.63763167097966,1.1765272013168256e-30,inconclusive,True,1.0,1.0,9.026269414548559e-07,8.009348346070714e-07,True,49,1.4839708805084229,d2_n400_rho1.00,2,400,1.0
True,4,4,0.5959038835686591,1.4204057538088402,1.3418303614442184,0.2365585376186791,1.4450138426000603,0.6578249254232921,176.94630611066208,4.5049371798162135e-34,inconclusive,True,1.0,1.0,8.02737320648816e-07,9.077787061121698e-07,True,50,1.4369521141052246,d2_n400_rho1.00,2,400,1.0
True,4,4,0.47902793763172635,0.9178710601268205,0.8335775388883545,0.2158754064735735,-0.7709190399695585,0.5451286509155511,98.87889970639624,7.2343261430238e-18,inconclusive,True,1.0,1.0,9.931528679813712e-07,9.588650108249709e-07,True,51,1.4063670635223389,d2_n400_rho1.00,2,400,1.0
True,4,4,0.46367014030253695,0.8599599960326972,0.7567864442286492,0.22329521868523838,-1.0892018073803442,0.5301118737030859,92.84341138459413,1.2293534122601334e-16,inconclusive,True,1.0,1.0,9.616123041803926e-07,9.69812967743422e-07,True,52,1.5759201049804688,d2_n400_rho1.00,2,400,1.0
True,4,4,0.5024964864030861,1.0100108753897876,0.9366133949912885,0.19470595768085064,-0.3255504133705591,0.5605524497475003,140.32294850969674,2.03283470930279e-26,inconclusive,True,1.0,1.0,9.075844366424256e-07,9.755201935827387e-07,True,53,1.3301398754119873,d2_n400_rho1.00,2,400,1.0
True,4,4,0.49844309651875907,0.9937820818688359,0.9019981684539802,0.2045402663781106,-0.47913221822472285,0.556425414468021,111.84611489639516,1.588710476607748e-20,inconclusive,True,1.0,1.0,8.843865127313594e-07,9.41695865511624e-07,True,54,1.536022663116455,d2_n400_rho1.00,2,400,1.0
True,4,4,0.5473350129674354,1.1983024656802506,1.1006573826251387,0.24582842828778212,0.40946192971344575,0.6133940749025207,118.35928867575711,7.230498003695341e-22,inconclusive,True,1.0,1.0,8.992095107657754e-07,8.888814833810091e-07,True,55,1.6629219055175781,d2_n400_rho1.00,2,400,1.0
True,4,4,0.5454045790129158,1.189864619233024,1.1099623558273979,0.2277107766415056,0.48290360890787404,0.6092030147418254,138.84635393775432,4.122474997917905e-26,inconclusive,True,1.0,1.0,8.19718450495529e-07,9.454570282455552e-07,True,56,1.5677759647369385,d2_n400_rho1.00,2,400,1.0
True,4,4,0.5339101617212303,1.140240243156761,1.0460810259425088,0.2822723556603248,0.16325022630965993,0.6144871304467104,82.87623477075915,1.2867836264316766e-14,inconclusive,True,1.0,1.0,9.25229051818182e-07,9.65890787288214e-07,True,57,2.131027936935425,d2_n400_rho1.00,2,400,1.0
True,4,4,0.5587571274385079,1.2488381098533319,1.1615367378665011,0.23672155758979974,0.6823913272251201,0.6226774948650555,140.6179181343415,1.765007804270775e-26,inconclusive,True,1.0,1.0,9.815694338697904e-07,9.740514756597652e-07,True,58,2.079379081726074,d2_n400_rho1.00,2,400,1.0
True,4,4,0.5504094354763616,1.2118021866456283,1.1357733150908007,0.2197881637394256,0.6177462552158612,0.6118195553794025,168.75378458525705,2.353049990819069e-32,inconclusive,True,1.0,1.0,9.76843893858326e-07,9.049319096931599e-07,True,59,2.230677843093872,d2_n400_rho1.00,2,400,1.0
True,4,4,0.5798778958073161,1.3450334961836818,1.274672953452323,0.23318953804439155,1.1778956970189387,0.6438624874287557,168.10975133016797,3.2104002780401503e-32,inconclusive,True,1.0,1.0,7.409282462088184e-07,8.799213532778811e-07,True,60,2.45621919631958,d2_n400_rho1.00,2,400,1.0
True,4,4,0.48166321011342633,0.9279977919070826,0.8587139614072756,0.19787379955307974,-0.7140209512923631,0.5441018742572082,114.07031090456348,5.536815075241224e-21,inconclusive,True,1.0,1.0,9.009541742987903e-07,9.921602341236602e-07,True,61,2.2172091007232666,d2_n400_rho1.00,2,400,1.0
True,4,4,0.6041476809622246,1.4599776816481358,1.3846680038521424,0.22085264018949471,1.7417405720035393,0.66104808261004,228.73870190135057,5.473189969664012e-45,meaningfully_different,True,1.0,1.0,8.936451910218843e-07,6.595926643121723e-07,True,62,2.149658203125,d2_n400_rho1.00,2,400,1.0
True,4,4,0.5213228172228224,1.0871099190285611,1.0190905413851925,0.18791613236449412,0.10159075298635496,0.5762345601548955,151.38805084748265,1.0066051935138775e-28,inconclusive,True,1.0,1.0,9.70845633583711e-07,8.092141962678089e-07,True,63,1.928447961807251,d2_n400_rho1.00,2,400,1.0
True,4,4,0.4921610767011133,0.9688901016783965,0.8980005875412543,0.18680255415145147,-0.5460279326590414,0.5489224549654231,127.27075088119047,1.0401168583623207e-23,inconclusive,True,1.0,1.0,9.582671840325785e-07,8.788058905963677e-07,True,64,2.7254202365875244,d2_n400_rho1.00,2,400,1.0
True,4,4,0.5151835661133511,1.0616564271730784,0.9991340036695537,0.1834484973297156,-0.004720650989524265,0.5702806172975577,143.70383628695015,4.0227942305610426e-27,inconclusive,True,1.0,1.0,8.410359133446963e-07,9.990093860936669e-07,True,65,2.611752986907959,d2_n400_rho1.00,2,400,1.0
True,4,4,0.5007937298783708,1.0031774395419624,0.9142958978651767,0.2140299565999301,-0.40043040467939456,0.5626597213802579,119.02853226100778,5.260950855469111e-22,inconclusive,True,1.0,1.0,9.060341826122861e-07,9.874362556131248e-07,True,66,2.9937050342559814,d2_n400_rho1.00,2,400,1.0
True,4,4,0.5820385160494302,1.3550753366600916,1.2748384112130382,0.23559117645409594,1.1665904273226864,0.644661037344689,153.61777515660867,3.447286068376563e-29,inconclusive,True,1.0,1.0,9.160669267770396e-07,9.122017490961312e-07,True,67,2.993983030319214,d2_n400_rho1.00,2,400,1.0
True,4,4,0.5769016983997255,1.3312622784659511,1.2419471975808396,0.26133189893485553,0.9258234397215774,0.6464905102516881,132.0536920140898,1.0611896737703172e-24,inconclusive,True,1.0,1.0,9.899969907598986e-07,9.701869010280917e-07,True,68,2.4104578495025635,d2_n400_rho1.00,2,400,1.0
True,4,4,0.5651733238232699,1.2776835438457708,1.1996885462339306,0.22767170510782234,0.8770898699922361,0.6273306895359811,137.71758964089662,7.07598380872777e-26,inconclusive,True,1.0,1.0,9.95084166650928e-07,8.822324131470841e-07,True,69,2.267972946166992,d2_n400_rho1.00,2,400,1.0
True,4,4,0.57549277864339,1.3247677530827597,1.251368654209335,0.23132531308157775,1.0866456889682836,0.6387223446923657,146.84124503063842,8.932946141115063e-28,inconclusive,True,1.0,1.0,9.963261075019552e-07,9.680438950898238e-07,True,70,2.0738329887390137,d2_n400_rho1.00,2,400,1.0
True,4,4,0.586598475853896,1.3763910874964556,1.2973681110073432,0.2645577685014112,1.1240195768651449,0.6581274413183736,150.29354512379945,1.7029472798649173e-28,inconclusive,True,1.0,1.0,8.405004749389089e-07,9.70599429020362e-07,True,71,2.090256929397583,d2_n400_rho1.00,2,400,1.0
True,4,4,0.5808331048664604,1.3494683828352507,1.2690934760100905,0.23562504837204554,1.1420410430439434,0.6435569499713032,153.0115259921139,4.613587206436028e-29,inconclusive,True,1.0,1.0,9.80507527760162e-07,9.791031041824152e-07,True,72,1.4151091575622559,d2_n400_rho1.00,2,400,1.0
True,4,4,0.5361279990028995,1.1497329252594124,1.0790927501862053,0.21150377399958464,0.37395432095864467,0.5972824917832739,149.53954167711262,2.4460574911332882e-28,inconclusive,True,1.0,1.0,9.717968503416026e-07,9.071120941033513e-07,True,73,1.3035399913787842,d2_n400_rho1.00,2,400,1.0
True,4,4,0.5883055964498018,1.3844138992566282,1.3181029700425262,0.22648186703149903,1.4045405674719404,0.6501216214040316,166.28305430749623,7.747452227320629e-32,inconclusive,True,1.0,1.0,9.731545098757909e-07,8.414677687044693e-07,True,74,1.2882649898529053,d2_n400_rho1.00,2,400,1.0
True,4,4,0.5128073578521612,1.0518855450692584,0.9689068110816687,0.1953420059402332,-0.15917308091862542,0.5679383368924036,128.0483490477657,7.178583915222887e-24,inconclusive,True,1.0,1.0,8.736582176709005e-07,9.171439049353728e-07,True,75,1.3731050491333008,d2_n400_rho1.00,2,400,1.0
True,4,4,0.6047544840499928,1.462911943914292,1.3726303439100314,0.29471594479162,1.2643711699192286,0.6814313858747918,140.13191935180086,2.2275850182048345e-26,inconclusive,True,1.0,1.0,9.522641663163241e-07,7.331368862130707e-07,True,76,1.2446677684783936,d2_n400_rho1.00,2,400,1.0
True,4,4,0.45796297334805175,0.8389203398311534,0.777358592877305,0.1539868778708566,-1.445846621485608,0.5076033065904213,140.9518805358208,1.5040897276448773e-26,inconclusive,True,1.0,1.0,9.433882134297903e-07,7.314911273936163e-07,True,77,1.159508228302002,d2_n400_rho1.00,2,400,1.0
True,4,4,0.504205990624893,1.016894723928119,0.9282512689311053,0.2103728310595638,-0.3410551196536407,0.5644208941719553,116.41773451153975,1.818003983508524e-21,inconclusive,True,1.0,1.0,9.921822906689014e-07,7.980049464440006e-07,True,78,1.2387418746948242,d2_n400_rho1.00,2,400,1.0
True,4,4,0.5488001386381847,1.2047263686771628,1.1139621941538318,0.2194524556974151,0.5193024329195244,0.6072333492676296,139.35228443240382,3.2356861107241936e-26,inconclusive,True,1.0,1.0,8.687372410459787e-07,6.941603338585811e-07,True,79,1.2786760330200195,d2_n400_rho1.00,2,400,1.0
True,4,4,0.5873647336049689,1.3799893211313443,1.31367129621769,0.22196819923264735,1.4131361938424682,0.6478380379758116,166.81854476846314,5.984346771120785e-32,inconclusive,True,1.0,1.0,9.2906092474236e-07,9.691107340395064e-07,True,80,1.1487302780151367,d2_n400_rho1.00,2,400,1.0
True,4,4,0.5604821408551701,1.256560920870379,1.1617297400387852,0.2637284580830369,0.6132434141326656,0.6315703545225558,118.75144459282808,6.001342785311418e-22,inconclusive,True,1.0,1.0,9.760661770785707e-07,8.474349432912021e-07,True,81,1.264124870300293,d2_n400_rho1.00,2,400,1.0
True,4,4,0.5003668324571522,1.0014678680928153,0.910699047002735,0.2339562491788082,-0.3816993703340408,0.5691051818452499,99.75170918013167,4.7982749903077614e-18,inconclusive,True,1.0,1.0,9.236402593317268e-07,7.347833556263216e-07,True,82,1.1463358402252197,d2_n400_rho1.00,2,400,1.0
True,4,4,0.6268665384907435,1.5718466283174672,1.493749586527008,0.25564787233754066,1.9313659136387944,0.6917826458801635,195.24910701794596,6.399320253526672e-38,meaningfully_different,True,1.0,1.0,8.814253124736009e-07,9.771578457728727e-07,True,83,1.115234136581421,d2_n400_rho1.00,2,400,1.0
True,4,4,0.5137731788397281,1.055851517180317,0.9767696610870568,0.20078820656678117,-0.11569573387875717,0.5716285662271237,142.54842659659533,6.999273813699598e-27,inconclusive,True,1.0,1.0,9.852822915004107e-07,8.749063346481168e-07,True,84,1.2207071781158447,d2_n400_rho1.00,2,400,1.0
True,4,4,0.4367002324123376,0.7628283719559585,0.6853972973601747,0.17320658407832676,-1.8163437857394436,0.4925182167679906,93.30622804035966,9.897237978748095e-17,equivalent,True,1.0,1.0,8.471877500566678e-07,9.023627730250664e-07,True,85,1.2250471115112305,d2_n400_rho1.00,2,400,1.0
True,4,4,0.5680936047081002,1.290921374840973,1.2095073513664658,0.21746272001974484,0.9634173220469389,0.6259396326958526,168.15630657494097,3.139108038794538e-32,inconclusive,True,1.0,1.0,9.352117226464203e-07,8.209651366409234e-07,True,86,1.2866411209106445,d2_n400_rho1.00,2,400,1.0
True,4,4,0.5628843695180127,1.2673552537907626,1.1852833808583008,0.24376993520841425,0.7600747840372125,0.6297319356137948,151.55646366869826,9.283634103949633e-29,inconclusive,True,1.0,1.0,8.071695004781006e-07,9.113069050991442e-07,True,87,1.2741539478302002,d2_n400_rho1.00,2,400,1.0
True,4,4,0.545366775259896,1.1896996782295115,1.1223979043733832,0.21027330332539845,0.5820896064203267,0.6058602788595799,156.37857912317523,9.13861861325163e-30,inconclusive,True,1.0,1.0,9.85855451397491e-07,8.263104828844407e-07,True,88,1.0754518508911133,d2_n400_rho1.00,2,400,1.0
True,4,4,0.6331118661070249,1.6033225400220776,1.513606914691978,0.2864380342919011,1.7930821092305613,0.7044067635773137,157.7937093687697,4.625672961048335e-30,meaningfully_different,True,1.0,1.0,9.37902389594019e-07,9.66226796156245e-07,True,89,1.1316170692443848,d2_n400_rho1.00,2,400,1.0
True,4,4,0.6406752343986569,1.641859023887096,1.575266509015831,0.24165186575626782,2.3805589384360473,0.7022728203598332,203.30783606857466,1.283406093882723e-39,meaningfully_different,True,1.0,1.0,7.349228697286578e-07,7.964153052181045e-07,True,90,1.1211798191070557,d2_n400_rho1.00,2,400,1.0
True,4,4,0.5382823468409521,1.1589915396824122,1.083635534195927,0.22268583480465495,0.37557635522391414,0.6020633557286724,125.82169894058045,2.0751998407200835e-23,inconclusive,True,1.0,1.0,7.798372594293719e-07,6.935946838224486e-07,True,91,1.3814208507537842,d2_n400_rho1.00,2,400,1.0
True,4,4,0.5785857648647387,1.3390459492164586,1.2692053897448143,0.242084667982634,1.1120299025468472,0.6456390698186938,145.57034952339615,1.64360602929821e-27,inconclusive,True,1.0,1.0,9.977078054823154e-07,9.92231364715391e-07,True,92,1.4135329723358154,d2_n400_rho1.00,2,400,1.0
True,4,4,0.5367818557866528,1.1525390428070517,1.074046540511522,0.21627767803540476,0.34236792804572547,0.5978694806679591,133.28975270241537,5.879479326169645e-25,inconclusive,True,1.0,1.0,9.139324892397395e-07,9.265040522522806e-07,True,93,1.3663599491119385,d2_n400_rho1.00,2,400,1.0
True,4,4,0.4744571214767871,0.9004382404801548,0.8351229688386871,0.1555592571038723,-1.0598985507575343,0.5222535727718548,160.04354577029946,1.5661726649937154e-30,inconclusive,True,1.0,1.0,7.782069539117523e-07,9.524280354824442e-07,True,94,1.2515792846679688,d2_n400_rho1.00,2,400,1.0
True,4,4,0.5704400164482221,1.3016072494617916,1.2220311544209936,0.24077095436370102,0.9221675222734731,0.6360157490130836,134.44747957523214,3.3809491379674065e-25,inconclusive,True,1.0,1.0,9.897943967829477e-07,9.522269106235092e-07,True,95,1.1112360954284668,d2_n400_rho1.00,2,400,1.0
True,4,4,0.4945869102429899,0.9784648471348293,0.9004969353999044,0.2080625638810455,-0.4782362705911092,0.5573888674508275,103.62925485893216,7.722845763725446e-19,inconclusive,True,1.0,1.0,9.148684171463966e-07,9.67948521651298e-07,True,96,1.2059919834136963,d2_n400_rho1.00,2,400,1.0
True,4,4,0.5463899669990359,1.1941679841488302,1.11331936338557,0.2185161521760831,0.5185857533051188,0.6067838265889839,133.84836700052605,4.501979387081244e-25,inconclusive,True,1.0,1.0,7.52482649702992e-07,9.721087125182307e-07,True,97,1.2878069877624512,d2_n400_rho1.00,2,400,1.0
True,4,4,0.5262841438702972,1.1079000003571666,1.0088251197068985,0.24431460462020957,0.03612194907716322,0.5938617017525345,134.25072396402425,3.7143626011737323e-25,inconclusive,True,1.0,1.0,8.19843338214813e-07,9.349663708654058e-07,True,98,1.4922981262207031,d2_n400_rho1.00,2,400,1.0
True,4,4,0.5723083984779689,1.3101476118736703,1.2323379883556131,0.26233155112975515,0.8856654388502948,0.6449486397565306,133.35707685876852,5.69334520822117e-25,inconclusive,True,1.0,1.0,6.451367766573369e-07,9.7934810245341e-07,True,99,1.4997549057006836,d2_n400_rho1.00,2,400,1.0
True,4,4,0.4804484086139425,0.9233226933586793,0.85221665550124,0.19503217346399962,-0.7577382842735885,0.5415293236279382,123.91762989789571,5.1401878968115246e-23,inconclusive,True,1.0,1.0,9.773346726884035e-07,8.960554959504201e-07,True,100,1.4545269012451172,d2_n400_rho1.00,2,400,1.0
True,4,4,0.5066032785571518,1.0265875273794207,0.9558590105857168,0.18119733769694793,-0.24360727356882542,0.5598888525168393,138.28476680953617,5.393888676887538e-26,inconclusive,True,1.0,1.0,7.416911437598594e-07,9.961622688194377e-07,True,101,1.3445918560028076,d2_n400_rho1.00,2,400,1.0
True,4,4,0.5400161643614253,1.1664698310865038,1.0976695180040603,0.19209033163325892,0.5084561891981741,0.5944808652709811,159.72774658202832,1.8233655303640993e-30,inconclusive,True,1.0,1.0,8.699203903423443e-07,6.729226743012751e-07,True,102,1.393934965133667,d2_n400_rho1.00,2,400,1.0
True,4,4,0.5194562319549337,1.0793391076672716,0.9996170537602299,0.21618391865299016,-0.0017713909626403705,0.5820669970985262,134.3513486570762,3.5399356022835715e-25,inconclusive,True,1.0,1.0,9.058944033556218e-07,8.355123156099445e-07,True,103,1.4201910495758057,d2_n400_rho1.00,2,400,1.0
True,4,4,0.5223329374439699,1.0913267901553847,1.0206104933019642,0.2055670956212554,0.10026163593777544,0.5828246468957164,137.36029524785044,8.39532727070734e-26,inconclusive,True,1.0,1.0,8.43603025661005e-07,9.264744660730465e-07,True,104,1.386159896850586,d2_n400_rho1.00,2,400,1.0
True,4,4,0.5272765497272706,1.1120822395691792,1.0207417066498061,0.22468569516814607,0.09231431771517022,0.5895584761648424,114.68970905198499,4.1275228412224855e-21,inconclusive,True,1.0,1.0,9.220324024276084e-07,7.318635571770191e-07,True,105,1.4360558986663818,d2_n400_rho1.00,2,400,1.0
True,4,4,0.45458875830922735,0.8266037567245004,0.7569152222194138,0.1655259555864159,-1.4685598818590075,0.5072428389391855,115.72810751295063,2.5219711325011055e-21,inconclusive,True,1.0,1.0,9.645176805583743e-07,8.50825418053266e-07,True,106,1.3380930423736572,d2_n400_rho1.00,2,400,1.0
True,4,4,0.5683135631378939,1.291921224185956,1.1911054489445205,0.28567225900928006,0.6689674720509438,0.6443978779246862,109.74549077208204,4.294774697109013e-20,inconclusive,True,1.0,1.0,9.213513170577721e-07,8.526513238927975e-07,True,107,1.4848670959472656,d2_n400_rho1.00,2,400,1.0
True,4,4,0.6092908724505969,1.484941469006438,1.4180232602022822,0.21604706310553734,1.9348712923631877,0.6658432727646272,214.29048322142754,6.185800015506675e-42,meaningfully_different,True,1.0,1.0,8.46689404001433e-07,8.050466927936242e-07,True,108,1.2487149238586426,d2_n400_rho1.00,2,400,1.0
True,4,4,0.5082814489066111,1.0334001252104157,0.9509537767355454,0.2127146113167855,-0.2305728927638754,0.5702714653271573,110.59859820450419,2.8680913780403814e-20,inconclusive,True,1.0,1.0,8.903724983521973e-07,9.816500896108854e-07,True,109,1.4145331382751465,d2_n400_rho1.00,2,400,1.0
True,4,4,0.5440854118537435,1.1841157415682306,1.1069790876019634,0.2201567612548114,0.4859223354859624,0.606033153971346,142.5716469880781,6.921814208685235e-27,inconclusive,True,1.0,1.0,9.51095818072238e-07,8.664206378678455e-07,True,110,1.4154298305511475,d2_n400_rho1.00,2,400,1.0
True,4,4,0.5021010972891861,1.0084220475960188,0.9271271189958254,0.2194261780826725,-0.33210659567118045,0.5674616867822904,109.94992206444358,3.898778039319441e-20,inconclusive,True,1.0,1.0,9.027054080703682e-07,8.923941645647963e-07,True,111,1.4236512184143066,d2_n400_rho1.00,2,400,1.0
True,4,4,0.4478114410722077,0.8021403470206694,0.7236604287432727,0.17346051863434098,-1.593097803652126,0.5022393831510656,103.63192200980332,7.71313744749692e-19,inconclusive,True,1.0,1.0,9.59726868210265e-07,9.299859282995947e-07,True,112,1.4084086418151855,d2_n400_rho1.00,2,400,1.0
True,4,4,0.5106752605308189,1.0431568868728789,0.979084923085176,0.201927424847493,-0.10357719824645029,0.5725438804638788,133.7903583712794,4.628536548910736e-25,inconclusive,True,1.0,1.0,8.449122614476602e-07,9.737567304546505e-07,True,113,1.358144998550415,d2_n400_rho1.00,2,400,1.0
True,4,4,0.5106993886060741,1.0432554620904717,0.9556546511922359,0.20354013410644486,-0.2178702937503859,0.5679895199313564,124.91171367257743,3.201523861238452e-23,inconclusive,True,1.0,1.0,7.755787122336089e-07,7.465502184940347e-07,True,114,1.4468400478363037,d2_n400_rho1.00,2,400,1.0
True,4,4,0.42587575685712326,0.7254806411145103,0.6431255477999615,0.17749028826375057,-2.010670305913995,0.4834953702465138,96.0993707722221,2.670501120755478e-17,equivalent,True,1.0,1.0,9.473547607920299e-07,9.325811431253894e-07,True,115,1.4374668598175049,d2_n400_rho1.00,2,400,1.0
True,4,4,0.49997438563382673,0.9998975451596899,0.9181118732998752,0.19214855157954727,-0.4261709288306764,0.5554655964321655,134.6026458590448,3.139242336321651e-25,inconclusive,True,1.0,1.0,9.603730421576663e-07,7.267948492513816e-07,True,116,1.4322559833526611,d2_n400_rho1.00,2,400,1.0
True,4,4,0.5608058545100493,1.2580128258109862,1.1694939973412226,0.24739138799094787,0.6851248894218761,0.627777153764513,136.13430022987444,1.5092157859872093e-25,inconclusive,True,1.0,1.0,9.757301846587596e-07,8.875449422402152e-07,True,117,1.4470829963684082,d2_n400_rho1.00,2,400,1.0
True,4,4,0.5192933775602675,1.078662447911802,1.0138103475559705,0.199136562789184,0.06935113955236274,0.579085668342433,151.70524733278182,8.643136991082711e-29,inconclusive,True,1.0,1.0,8.567881608361429e-07,9.313805428743926e-07,True,118,1.2780499458312988,d2_n400_rho1.00,2,400,1.0
True,4,4,0.4696066658916225,0.8821216825993838,0.8131209755518849,0.1660648145329331,-1.1253378686732838,0.5211221757048445,122.77703736797028,8.84720380180456e-23,inconclusive,True,1.0,1.0,8.213768119796323e-07,7.638067816475543e-07,True,119,1.2711479663848877,d2_n400_rho1.00,2,400,1.0
True,4,4,0.5697842001348077,1.2986161388930504,1.2293842185105865,0.2275579014026706,1.0080257248667637,0.6331831603047878,147.6879399667494,5.950111589719044e-28,inconclusive,True,1.0,1.0,9.235868248492563e-07,9.780372597122854e-07,True,120,1.310760259628296,d2_n400_rho1.00,2,400,1.0
True,4,4,0.5169437157689077,1.0689232210918609,0.991815680971031,0.2250725919999463,-0.03636301939851895,0.583529594418636,103.39838831325804,8.611141809638739e-19,inconclusive,True,1.0,1.0,9.956294053405419e-07,9.097758964588209e-07,True,121,1.3211970329284668,d2_n400_rho1.00,2,400,1.0
True,4,4,0.5420350736099114,1.1752080840932082,1.0859348241139624,0.21706588180167566,0.39589282019215505,0.6006197688810426,131.25869067476188,1.551240624571259e-24,inconclusive,True,1.0,1.0,6.968864928033683e-07,9.779624393620517e-07,True,122,1.52144193649292,d2_n400_rho1.00,2,400,1.0
True,4,4,0.5317425767552127,1.1310006717370933,1.0422548456772824,0.22274354782735747,0.18970177178839331,0.5934297300862904,126.37110385194438,1.5971417769330448e-23,inconclusive,True,1.0,1.0,7.805209311209259e-07,9.902017269256948e-07,True,123,1.9098150730133057,d2_n400_rho1.00,2,400,1.0
True,4,4,0.5312354738451391,1.1288445146858779,1.052086374013253,0.20078900314480366,0.25940849945696276,0.5878679473504134,142.80575761918635,6.187151478182675e-27,inconclusive,True,1.0,1.0,9.866701474011404e-07,6.831222149995549e-07,True,124,1.7859201431274414,d2_n400_rho1.00,2,400,1.0
True,4,4,0.5952673833788648,1.4173730308588817,1.31013899545392,0.2732932490341891,1.1348212828159596,0.6632620875922952,133.43666184249471,5.480893222854207e-25,inconclusive,True,1.0,1.0,9.845217686615772e-07,9.382914116276642e-07,True,125,2.20697283744812,d2_n400_rho1.00,2,400,1.0
True,4,4,0.5222596697671857,1.0910206506613198,1.0157069535483298,0.19970227116958367,0.07865185236171791,0.5796956008527376,134.19260063080142,3.8190025242228844e-25,inconclusive,True,1.0,1.0,9.55116615216026e-07,8.458423976298961e-07,True,126,2.044851064682007,d2_n400_rho1.00,2,400,1.0
True,4,4,0.47330412007610345,0.8960671603240582,0.826683554167517,0.18583970324460547,-0.932612583890972,0.5320626523448605,113.73429531919376,6.493067743523402e-21,inconclusive,True,1.0,1.0,9.983143414114501e-07,9.17571176476923e-07,True,127,2.258281946182251,d2_n400_rho1.00,2,400,1.0
True,4,4,0.46329086130346236,0.858553688669216,0.7821733514662407,0.19434825262231392,-1.1208057988412794,0.5248446864748977,102.95206363107566,1.062806059902811e-18,inconclusive,True,1.0,1.0,9.716124069413664e-07,9.416303318246009e-07,True,128,2.258636951446533,d2_n400_rho1.00,2,400,1.0
True,4,4,0.5536044876351395,1.225911714919061,1.132907996566153,0.2738051216770902,0.4854109220166341,0.6291417455618813,120.10862289692206,3.148436074693454e-22,inconclusive,True,1.0,1.0,7.92530642747418e-07,9.26310593026914e-07,True,129,1.9288859367370605,d2_n400_rho1.00,2,400,1.0
True,4,4,0.5759717614760798,1.3269738800714326,1.2525474116799071,0.23703963260038077,1.0654227266107459,0.640789144550274,139.34350853436004,3.249310299507843e-26,inconclusive,True,1.0,1.0,9.620305931729764e-07,9.413658579802691e-07,True,130,1.732839822769165,d2_n400_rho1.00,2,400,1.0
True,4,4,0.5368955849366356,1.1530274764978081,1.0751543982077816,0.22446168996576946,0.334820602211641,0.6009078596298343,126.27096137166444,1.6752238853517372e-23,inconclusive,True,1.0,1.0,7.394334588622118e-07,8.6439033955876e-07,True,131,1.0184061527252197,d2_n400_rho1.00,2,400,1.0
True,4,4,0.4775428484608735,0.9121886884644992,0.8464495479397954,0.17413579722897898,-0.8817856782100592,0.5321835786629384,137.6276651920791,7.387120762318068e-26,inconclusive,True,1.0,1.0,9.789753676846565e-07,7.657384631277361e-07,True,132,0.9991250038146973,d2_n400_rho1.00,2,400,1.0
True,4,4,0.5056251522181634,1.0226271782225635,0.9486644198357189,0.21688141919929796,-0.23669883918044396,0.5712710846927374,103.58508910340299,7.885393218395144e-19,inconclusive,True,1.0,1.0,8.601734007898351e-07,7.589595174663283e-07,True,133,0.898554801940918,d2_n400_rho1.00,2,400,1.0
True,4,4,0.4987299028665279,0.9949260640530255,0.9005484588147293,0.22419642584629515,-0.4435911090458363,0.5633202381899581,97.62722842142354,1.3029908831355176e-17,inconclusive,True,1.0,1.0,9.912691794654961e-07,9.118151465719645e-07,True,134,1.0048582553863525,d2_n400_rho1.00,2,400,1.0
True,4,4,0.5177064002492979,1.0720796674363449,1.0078380259914739,0.18695266862187246,0.04192518913611735,0.5734430662765087,143.94068098428977,3.5909799877810816e-27,inconclusive,True,1.0,1.0,8.927667631382653e-07,8.837830598775742e-07,True,135,0.9088146686553955,d2_n400_rho1.00,2,400,1.0
True,4,4,0.5189029758302743,1.077041193302057,0.9986670506461426,0.2146660891012351,-0.006209408106507244,0.5813263596913091,131.54259186876675,1.354572710521604e-24,inconclusive,True,1.0,1.0,9.85431585040987e-07,8.122695207784975e-07,True,136,0.9593908786773682,d2_n400_rho1.00,2,400,1.0
True,4,4,0.5439642171968171,1.183588278362184,1.1152402277893008,0.20650832500944769,0.5580415597483954,0.6030995347321958,144.51012636022398,2.7329481537409235e-27,inconclusive,True,1.0,1.0,9.86402792154977e-07,8.68931610009682e-07,True,137,0.9596917629241943,d2_n400_rho1.00,2,400,1.0
True,4,4,0.41190021114954906,0.6786471357801723,0.5997565449773387,0.16265948416960907,-2.460621691172447,0.4656467511622345,80.4515628156209,3.965508083885618e-14,equivalent,True,1.0,1.0,8.700063957606919e-07,9.561015562714802e-07,True,138,0.9548289775848389,d2_n400_rho1.00,2,400,1.0
True,4,4,0.4687687828917258,0.8789766872551599,0.803187999877249,0.19814814554271326,-0.9932568361096561,0.5312985732492816,87.23109491072026,1.6942584168702284e-15,inconclusive,True,1.0,1.0,7.780392543072938e-07,9.448119193842575e-07,True,139,1.050713062286377,d2_n400_rho1.00,2,400,1.0
True,4,4,0.48425817610453614,0.9380239244963677,0.8324167923473538,0.22131096950669366,-0.757229558147038,0.5469097144923889,91.57943978528398,2.2216753102463405e-16,inconclusive,True,1.0,1.0,9.925984561183791e-07,8.343031419079586e-07,True,140,1.157865047454834,d2_n400_rho1.00,2,400,1.0
True,4,4,0.5756904407307857,1.325677934195225,1.2479342636264605,0.2373644912196136,1.0445297118896677,0.6399929897894454,168.63685590000634,2.4896004262903667e-32,inconclusive,True,1.0,1.0,8.827616470377817e-07,9.197923185691147e-07,True,141,1.0186290740966797,d2_n400_rho1.00,2,400,1.0
True,4,4,0.5314618874571937,1.1298069512782511,1.0610103259410428,0.2134962687329765,0.2857676450418415,0.5941759920063847,146.94632186705147,8.49369576646474e-28,inconclusive,True,1.0,1.0,9.86877730356224e-07,9.747534769965848e-07,True,142,0.9952292442321777,d2_n400_rho1.00,2,400,1.0
True,4,4,0.5561961653831404,1.2374166975476388,1.1529645163666664,0.2574449451116196,0.5941639922288864,0.6277785772216659,147.4867584308079,6.553291693443191e-28,inconclusive,True,1.0,1.0,9.935203692924224e-07,8.987190746221835e-07,True,143,1.0096070766448975,d2_n400_rho1.00,2,400,1.0
True,4,4,0.5661198219424372,1.2819666111845471,1.1963654427663117,0.2418529298480328,0.8119208764173214,0.6313038316879774,159.59305041569775,1.945527658189035e-30,inconclusive,True,1.0,1.0,6.962341798616654e-07,9.955930868450362e-07,True,144,1.021549940109253,d2_n400_rho1.00,2,400,1.0
True,4,4,0.539951892942553,1.1661921867689846,1.0697639905785885,0.23257577004552862,0.29996241897826087,0.60256059642973,143.48511264793999,4.467520004811806e-27,inconclusive,True,1.0,1.0,8.130415986673972e-07,8.155395345147324e-07,True,145,1.0119132995605469,d2_n400_rho1.00,2,400,1.0
True,4,4,0.5129537184040502,1.0524860688981668,0.9595322094568914,0.2273810895712168,-0.17797342170987296,0.5773951894799361,104.24784700056384,5.768382246804847e-19,inconclusive,True,1.0,1.0,8.169815398754125e-07,9.284457286067252e-07,True,146,0.9919140338897705,d2_n400_rho1.00,2,400,1.0
True,4,4,0.5523083269337076,1.220177952001245,1.1370906558074876,0.25065519802916747,0.546929235401434,0.6223708234244282,127.94971582712793,7.524344315040393e-24,inconclusive,True,1.0,1.0,8.440853214061801e-07,7.407051825900012e-07,True,147,0.8697390556335449,d2_n400_rho1.00,2,400,1.0
True,4,4,0.5274355028404246,1.1127528386261263,1.0350969016733667,0.2125648407452659,0.16511150927084026,0.5883738078244942,124.19769826312239,4.498379822722672e-23,inconclusive,True,1.0,1.0,8.42558901036777e-07,9.35867278028897e-07,True,148,0.9446201324462891,d2_n400_rho1.00,2,400,1.0
True,4,4,0.49519390819150355,0.980868026839901,0.8999709871382846,0.20803603352136874,-0.48082541840733933,0.5572611172988176,99.7661251163143,4.765836994943314e-18,inconclusive,True,1.0,1.0,8.608573047175043e-07,8.692912056039217e-07,True,149,0.9499356746673584,d2_n400_rho1.00,2,400,1.0
True,4,4,0.49158153695829665,0.9666096299131247,0.8802316748148115,0.21386513714091943,-0.560017994453538,0.5549793963111438,108.82596202425634,6.635216480713655e-20,inconclusive,True,1.0,1.0,8.818342686771158e-07,9.928941723780133e-07,True,150,1.0146369934082031,d2_n400_rho1.00,2,400,1.0
True,4,4,0.5018851018228686,1.0075546217270048,0.932522224186447,0.20196068249661503,-0.33411342732357785,0.5622984050512234,127.94208016751968,7.551795173159603e-24,inconclusive,True,1.0,1.0,7.819362487117902e-07,9.937338725042766e-07,True,151,1.04498291015625,d2_n400_rho1.00,2,400,1.0
True,4,4,0.5430093101824347,1.1794364437792142,1.1108916117915715,0.22407948415692164,0.4948762364782788,0.6081672393413877,156.95605334872818,6.921878628155595e-30,inconclusive,True,1.0,1.0,7.788108572830671e-07,8.585364776173093e-07,True,152,0.9384000301361084,d2_n400_rho1.00,2,400,1.0
True,4,4,0.446581076701795,0.7977386322725379,0.7176804962817452,0.19897539718052012,-1.4188663911152837,0.5111178680129059,92.75834103338185,1.2793266620808718e-16,inconclusive,True,1.0,1.0,9.708074757612997e-07,9.386067803267978e-07,True,153,0.9928061962127686,d2_n400_rho1.00,2,400,1.0
True,4,4,0.5100529091947377,1.0406158807120613,0.9666137344833649,0.1876821272894371,-0.1778872927263232,0.5646510786028314,142.68246391580453,6.563783737233233e-27,inconclusive,True,1.0,1.0,8.734445036285674e-07,9.955941548865943e-07,True,154,0.9381330013275146,d2_n400_rho1.00,2,400,1.0
True,4,4,0.5974205329887293,1.4276451729461495,1.360118819749597,0.22067116828493485,1.6319251062495155,0.6563327264556238,183.43433373615534,1.9553403565270286e-35,inconclusive,True,1.0,1.0,8.067713397432753e-07,8.870689702390883e-07,True,155,0.9251277446746826,d2_n400_rho1.00,2,400,1.0
True,4,4,0.5433130550163564,1.1807563030048251,1.0758451807817502,0.2558941032980728,0.2963928429933516,0.6117093927485256,130.41652387575667,2.318980454830208e-24,inconclusive,True,1.0,1.0,9.46476198130453e-07,9.077736029098472e-07,True,156,1.065000057220459,d2_n400_rho1.00,2,400,1.0
True,4,4,0.45342207343837704,0.822366306724628,0.7287723423270649,0.19369015386955102,-1.4003172193027689,0.5117040879317324,81.05463577972218,2.9979668596252985e-14,inconclusive,True,1.0,1.0,9.310997783234113e-07,9.773317408849528e-07,True,157,0.9617197513580322,d2_n400_rho1.00,2,400,1.0
True,4,4,0.5486730477437827,1.2041684532818047,1.114100893037672,0.24642220726199054,0.46303007470573626,0.6163256757620001,138.09141000728195,5.916877693013351e-26,inconclusive,True,1.0,1.0,8.361826908467326e-07,7.237010226493472e-07,True,158,0.9905710220336914,d2_n400_rho1.00,2,400,1.0
True,4,4,0.5785490553051551,1.3388760375779498,1.2520056324905684,0.26200595867270987,0.9618316841616813,0.6486461061118521,125.15803092492186,2.847046873848187e-23,inconclusive,True,1.0,1.0,9.169329558037757e-07,7.481504126802353e-07,True,159,1.0309350490570068,d2_n400_rho1.00,2,400,1.0
True,4,4,0.5184292221782092,1.075075433633212,0.9894181039456758,0.22591779308039303,-0.046839586692309226,0.5833137674714254,109.16446851776158,5.653536231196257e-20,inconclusive,True,1.0,1.0,8.454245108256816e-07,8.029304904382553e-07,True,160,1.0279450416564941,d2_n400_rho1.00,2,400,1.0
True,4,4,0.4439360585221627,0.7883168962247724,0.707619990587508,0.16706945991937552,-1.750050605021342,0.4955867224030312,101.3151745092322,2.2984483895562537e-18,equivalent,True,1.0,1.0,8.665948051007816e-07,9.09542905360492e-07,True,161,0.9684131145477295,d2_n400_rho1.00,2,400,1.0
True,4,4,0.5489489085122696,1.2053796166272488,1.1259836299195949,0.23767089484988171,0.5300759691217933,0.6158160162203936,113.92722453468748,5.925495492332807e-21,inconclusive,True,1.0,1.0,7.83813126975749e-07,8.950617494873244e-07,True,162,0.9897611141204834,d2_n400_rho1.00,2,400,1.0
True,4,4,0.48501191975547986,0.940946249219584,0.8601000410534142,0.19358122722467344,-0.7226938322083044,0.5427966527079076,115.92971266747608,2.2918702953154208e-21,inconclusive,True,1.0,1.0,9.83808531035831e-07,9.703973785972233e-07,True,163,1.048306941986084,d2_n400_rho1.00,2,400,1.0
True,4,4,0.5344294742829415,1.1424594519293652,1.075920599988233,0.2004454840742172,0.3787593436633505,0.5927950913835557,147.44864494124192,6.674267829467494e-28,inconclusive,True,1.0,1.0,9.99141048213284e-07,7.182228526028128e-07,True,164,0.9472548961639404,d2_n400_rho1.00,2,400,1.0
True,4,4,0.4496178769067684,0.8086249409365998,0.7442271164294201,0.1672765482513543,-1.5290420937324019,0.5048199068788253,105.39618356154143,3.3549963590425756e-19,inconclusive,True,1.0,1.0,7.032312869367966e-07,9.475107148095806e-07,True,165,0.9378747940063477,d2_n400_rho1.00,2,400,1.0
True,4,4,0.5595592444568529,1.252426192228496,1.1874466562248496,0.2197797298173091,0.8528841871844313,0.6222845293644349,172.38504083874187,4.078712521522721e-33,inconclusive,True,1.0,1.0,8.072434331031272e-07,9.401875030061857e-07,True,166,0.9962081909179688,d2_n400_rho1.00,2,400,1.0
True,4,4,0.5404365675867668,1.1682867343398642,1.1008700815163328,0.20095884444903123,0.5019439766032108,0.5982094043218266,156.7387280661008,7.684818444893881e-30,inconclusive,True,1.0,1.0,9.149044442676584e-07,8.425493511890769e-07,True,167,1.005316972732544,d2_n400_rho1.00,2,400,1.0
True,4,4,0.5394854689733187,1.1641782849334468,1.086740961188664,0.24237597909891195,0.35787771342334895,0.6093878013004985,112.96992313133626,9.328311275660694e-21,inconclusive,True,1.0,1.0,6.485971785659678e-07,8.664668451646012e-07,True,168,1.0610239505767822,d2_n400_rho1.00,2,400,1.0
True,4,4,0.4810037169795761,0.9254583029926726,0.8470139796868874,0.22147426158263048,-0.6907620742017221,0.5502969021645217,105.13462595736273,3.7958919395269406e-19,inconclusive,True,1.0,1.0,7.662467208296042e-07,9.845878669001335e-07,True,169,1.0389351844787598,d2_n400_rho1.00,2,400,1.0
True,4,4,0.5171322056864275,1.0697028726324382,0.9948692638652297,0.2046830852491496,-0.025066732448970876,0.5769625158996273,134.61353598716448,3.1229418640797036e-25,inconclusive,True,1.0,1.0,9.852978531871886e-07,9.947017591463348e-07,True,170,0.9538769721984863,d2_n400_rho1.00,2,400,1.0
True,4,4,0.49493616690454667,0.979847237240661,0.9150493073327826,0.19383484730696995,-0.43826326301732416,0.5554005894296559,113.51385589485919,7.208340373032882e-21,inconclusive,True,1.0,1.0,8.68936502849593e-07,9.229546473595172e-07,True,171,0.9388141632080078,d2_n400_rho1.00,2,400,1.0
True,4,4,0.5402701125707784,1.167567178148966,1.0914716212996551,0.2033680220717646,0.4497836993633964,0.5970724935069326,142.33209952498402,7.763852029110568e-27,inconclusive,True,1.0,1.0,9.204397046216052e-07,8.593445514663501e-07,True,172,0.9942669868469238,d2_n400_rho1.00,2,400,1.0
True,4,4,0.4745781507576219,0.9008976847060964,0.8203696894126228,0.21273443893348717,-0.8443875448090463,0.5408989514848997,103.20336006201231,9.4405931719559e-19,inconclusive,True,1.0,1.0,7.228431917292763e-07,8.404274192992172e-07,True,173,0.9850280284881592,d2_n400_rho1.00,2,400,1.0
True,4,4,0.5765943807868634,1.3298443198199457,1.238973599071959,0.22584053759014497,1.058151922688246,0.6345171838571,159.9060557845998,1.6733609042947006e-30,inconclusive,True,1.0,1.0,7.979763535500898e-07,8.805359719678284e-07,True,174,1.047105073928833,d2_n400_rho1.00,2,400,1.0
True,4,4,0.4821670307016118,0.9299401819824363,0.8296527976098259,0.22739724204555478,-0.7491172753803593,0.5485635733320292,94.47677408381604,5.717728590495158e-17,inconclusive,True,1.0,1.0,9.97100912499936e-07,8.596306965227289e-07,True,175,1.1050269603729248,d2_n400_rho1.00,2,400,1.0
True,4,4,0.4843351699313839,0.9383222273298502,0.8573669535591085,0.2231047798882542,-0.6393096845004023,0.5532498666851429,88.88089388968385,7.844683460066969e-16,inconclusive,True,1.0,1.0,8.933929965600511e-07,8.273186012714712e-07,True,176,1.0278668403625488,d2_n400_rho1.00,2,400,1.0
True,4,4,0.547400136817385,1.1985876391507673,1.1305479212669745,0.19645240014931384,0.6645269855076923,0.6028439607758992,160.7343541413991,1.1229833765660593e-30,inconclusive,True,1.0,1.0,9.78721849758392e-07,9.656218757418653e-07,True,177,0.92134690284729,d2_n400_rho1.00,2,400,1.0
True,4,4,0.5429722882321049,1.179275623152032,1.1136030079713521,0.21401522954877158,0.5308174012236047,0.6053153588249477,150.97598854407858,1.2269695578859473e-28,inconclusive,True,1.0,1.0,7.770094353939136e-07,8.748405983239187e-07,True,178,0.9171991348266602,d2_n400_rho1.00,2,400,1.0
True,4,4,0.5075341362553475,1.0303635978578467,0.9478816762686112,0.20918898145321219,-0.24914468902390893,0.5683236162456676,114.23900603998686,5.111159277363148e-21,inconclusive,True,1.0,1.0,9.950896401222878e-07,9.470336812369787e-07,True,179,1.0695290565490723,d2_n400_rho1.00,2,400,1.0
True,4,4,0.5465479476238524,1.1948586362073814,1.0945263829439293,0.2686298830029809,0.3518833492656527,0.6197546329614915,104.72954207862904,4.595624821463841e-19,inconclusive,True,1.0,1.0,8.060246071555859e-07,9.735163819570705e-07,True,180,1.0696780681610107,d2_n400_rho1.00,2,400,1.0
True,4,4,0.521481183278448,1.0877704980539606,1.0178937028503792,0.19337645177562932,0.09253299812916652,0.5779207689901206,146.65795560068946,9.754178138990604e-28,inconclusive,True,1.0,1.0,9.806262332660198e-07,9.423829619412468e-07,True,181,0.9864509105682373,d2_n400_rho1.00,2,400,1.0
True,4,4,0.45941514485151397,0.8442491012757501,0.7624184007381681,0.20576687899189972,-1.1546153609647964,0.5246129044244144,92.239649670084,1.6310565753406232e-16,inconclusive,True,1.0,1.0,9.81465690067067e-07,9.986442088341266e-07,True,182,1.0080490112304688,d2_n400_rho1.00,2,400,1.0
True,4,4,0.5601853600556631,1.2552305504827714,1.1706567209627599,0.24105730276637882,0.7079508440702672,0.6259314458711068,166.90959952666606,5.727258722875973e-32,inconclusive,True,1.0,1.0,7.855817096664822e-07,8.691649326222394e-07,True,183,1.0153400897979736,d2_n400_rho1.00,2,400,1.0
True,4,4,0.5934490395711697,1.408727050271775,1.3244311840895575,0.2473069995580767,1.3118560520700882,0.6578782180774695,148.5099822612763,4.010087114413504e-28,inconclusive,True,1.0,1.0,9.551366872392343e-07,9.579042230665935e-07,True,184,0.9826068878173828,d2_n400_rho1.00,2,400,1.0
True,4,4,0.5312597303336382,1.12894760429668,1.0534642710140676,0.21664930423286305,0.24677794929173705,0.5936793462926779,119.06584021081758,5.168496964303154e-22,inconclusive,True,1.0,1.0,8.845873310582142e-07,7.3643255298288e-07,True,185,0.955498218536377,d2_n400_rho1.00,2,400,1.0
True,4,4,0.582548491690414,1.3574509806831057,1.2876990912117512,0.22600664601377632,1.2729673940394408,0.644097613452854,162.2102700221411,5.516224271093515e-31,inconclusive,True,1.0,1.0,7.843077678974801e-07,9.081705794200987e-07,True,186,0.9442858695983887,d2_n400_rho1.00,2,400,1.0
True,4,4,0.449755071336004,0.8091184967698163,0.7290722532673704,0.1780545750875955,-1.5215994680245895,0.5054567159746483,99.94144496529562,4.38843673185814e-18,inconclusive,True,1.0,1.0,9.898107041373262e-07,9.566166456680928e-07,True,187,0.9933018684387207,d2_n400_rho1.00,2,400,1.0
True,4,4,0.5641517958265408,1.273068994937244,1.1980682456232503,0.23103734066346535,0.8572997120485445,0.6281104308508922,148.349988927565,4.330227383167952e-28,inconclusive,True,1.0,1.0,9.501975563897779e-07,8.796796208689966e-07,True,188,0.9658188819885254,d2_n400_rho1.00,2,400,1.0
True,4,4,0.4182383369837431,0.699693226091708,0.6199858284229033,0.1850930205129509,-2.0530983314441467,0.48073817056091817,87.31705042316258,1.6276754601806226e-15,equivalent,True,1.0,1.0,8.866743399504617e-07,9.795280822597747e-07,True,189,0.9676468372344971,d2_n400_rho1.00,2,400,1.0
True,4,4,0.5274693708591284,1.1128957487780986,1.024963722787148,0.24043715194811827,0.1038263953173704,0.5959126706621728,107.98894387305438,9.856901994393544e-20,inconclusive,True,1.0,1.0,9.734611249028468e-07,9.886174226897538e-07,True,190,0.9718248844146729,d2_n400_rho1.00,2,400,1.0
True,4,4,0.624066921416699,1.557838089626065,1.4716393345233927,0.25997820575970126,1.8141495097451765,0.6890691963067958,168.87802330758217,2.2161564460816342e-32,meaningfully_different,True,1.0,1.0,9.289766728689402e-07,8.396928928184962e-07,True,191,1.0015690326690674,d2_n400_rho1.00,2,400,1.0
True,4,4,0.4853361980756513,0.9422049006501114,0.86386930879936,0.2110793519323741,-0.6449266115060547,0.5502417528686576,89.3347031591468,6.346222660486555e-16,inconclusive,True,1.0,1.0,7.040237605526506e-07,7.744043507060677e-07,True,192,1.02327299118042,d2_n400_rho1.00,2,400,1.0
True,4,4,0.534028827644084,1.1407471550196588,1.0611861199180386,0.23765956602088434,0.2574527966303778,0.6025158336233171,123.17034988456287,7.336645939217075e-23,inconclusive,True,1.0,1.0,8.671503044891897e-07,9.007106096286799e-07,True,193,1.0361359119415283,d2_n400_rho1.00,2,400,1.0
True,4,4,0.47744678443496913,0.9118217278691676,0.8383162550388538,0.17837669015790866,-0.9064174518431476,0.5319115999883554,116.33569260889308,1.8901991063469395e-21,inconclusive,True,1.0,1.0,8.647673035998493e-07,9.49483816227967e-07,True,194,1.0482211112976074,d2_n400_rho1.00,2,400,1.0
True,4,4,0.5520477486558112,1.2190268671837985,1.1361982930882268,0.22722793995938956,0.5993906080060769,0.6144011300191309,125.07934090268623,2.9558052937348585e-23,inconclusive,True,1.0,1.0,9.847057212560909e-07,9.719313815843153e-07,True,195,1.8479139804840088,d2_n400_rho1.00,2,400,1.0
True,4,4,0.5134791205821241,1.054643229095166,0.9788549796678895,0.208248500375266,-0.10153744345820964,0.5747593585182739,134.11128686684089,3.9703539661403593e-25,inconclusive,True,1.0,1.0,8.767108370773516e-07,9.68473068957791e-07,True,196,1.7925279140472412,d2_n400_rho1.00,2,400,1.0
True,4,4,0.5630548356591476,1.2681229918365988,1.20601512669455,0.1984222523535116,1.0382662440879407,0.6189488444423545,180.9762084332139,6.421183208983136e-35,inconclusive,True,1.0,1.0,6.577924542511189e-07,9.004312091108031e-07,True,197,1.674781322479248,d2_n400_rho1.00,2,400,1.0
True,4,4,0.5956125513136716,1.4190172451295247,1.3324572335382043,0.24442406525081672,1.360165715258242,0.6585019065614452,164.40200139286205,1.9185939415494177e-31,inconclusive,True,1.0,1.0,9.732854494156409e-07,7.547764361161678e-07,True,198,1.7057538032531738,d2_n400_rho1.00,2,400,1.0
True,4,4,0.5913064222403549,1.3985731399307557,1.317010756128708,0.261747390064714,1.2111324435759643,0.6609740728693022,154.84912816910855,1.9070308958289008e-29,inconclusive,True,1.0,1.0,8.939610323238999e-07,9.206244622322356e-07,True,199,0.7347791194915771,d2_n400_rho1.00,2,400,1.0
