encoder,d,K_calibration,K_reference,min_separation,delta,mode_majority_class,mode_purity,modes_calibration,modes_reference
clip,2,3,3,2.283317975019438,0.2283317975019438,"[""wild"", ""cat"", ""dog""]","[1.0, 1.0, 1.0]","[[-1.495480714877496, 0.24755264015441877], [0.3796492835736885, -1.2543262196067189], [0.9773247911399844, 0.9493808758808456]]","[[-1.4951108068628727, 0.25460256513581175], [0.3827962459949921, -1.2449981308377567], [0.9683512454236229, 0.949720678406539]]"
clip,3,3,3,2.3335089352454226,0.23335089352454227,"[""wild"", ""cat"", ""dog""]","[1.0, 1.0, 1.0]","[[-1.4918620923688606, 0.2711366313341683, -0.05996709668587297], [0.3934493192210941, -1.2800821836818617, -0.20101173104921258], [0.984260719715846, 0.9376576279165086, 0.2206942897369281]]","[[-1.4997607047890271, 0.2767952839940429, -0.1271029879979604], [0.3929070723111092, -1.271660932122818, -0.18287382077200018], [0.982321477431672, 0.9282315632411493, 0.25081054080480164]]"
clip,4,5,5,2.0161089696247316,0.20161089696247317,"[""wild"", ""wild"", ""wild"", ""cat"", ""dog""]","[1.0, 1.0, 1.0, 1.0, 1.0]","[[-1.526302004330932, 0.2596189774471533, -0.792945448366307, -1.1231113051831079], [-1.488423738625973, 0.2172292198335557, 0.5579767699485263, 1.1103892394278303], [-0.6110569978327851, 0.8669421204544752, -0.3000981520873139, -2.740294689342028], [0.3952509866912051, -1.2832345353451355, -0.20464457915121043, 0.040012977810736636], [1.011209610317517, 0.9279557906621261, 0.21779474096691323, 0.35316127482490156]]","[[-1.5256696487820152, 0.23950973591449645, -0.6655048502973557, -1.1296122464411074], [-1.4759189673622812, 0.22599804916905092, 0.6402074309435795, 1.0913308880615056], [-0.618134761394199, 0.8285849495573644, -0.3497479082468049, -2.7648534565991723], [0.3917260984896259, -1.2793283170241512, -0.1785340440288886, 0.030320681472776726], [1.010875689671162, 0.9224568031727463, 0.20731302824024597, 0.34191590686587153]]"
clip,5,7,6,0.7439160919143581,0.07439160919143582,"[""wild"", ""wild"", ""wild"", ""wild"", ""wild"", ""cat"", ""dog""]","[1.0, 1.0, 1.0, 1.0, 1.0, 1.0, 1.0]","[[-1.5369804458761003, 0.28159632716175786, -0.8190788115651858, -1.1871676163729494, -0.889872175738952], [-1.5265629637345106, 0.10401426611979657, 0.6424456471019356, 1.2307276852429472, 0.8263017368347861], [-1.4421254089290925, 0.2121893472333376, 0.749620464799142, 1.0402594321368959, 0.12858044148542366], [-0.6945762782348675, 1.3393951333139333, 0.3936046264354735, -2.0752536147821856, 2.0538631638861107], [-0.5713361674352062, 0.7456646345335834, -0.4465342984500075, -2.854309306268816, 0.42674629630600375], [0.40815971577288546, -1.3171667833469232, -0.25856177960400584, 0.055179843964493505, 0.26450534225736505], [1.0285311041038843, 0.9029742762095807, 0.10055296227627991, 0.44599836520366215, 0.36820139899225285]]","[[-1.534995260887365, 0.24985544408100446, -0.6622169920194173, -1.1582638144534818, -0.7886957313918487], [-1.428149013139183, 0.23915998788331339, 0.8623175260810192, 1.0307700138906932, 0.007931045512708125], [-0.6918772998044098, 1.294702129917055, 0.48724698563634317, -2.046793155122314, 2.0756111824399226], [-0.5720789626994014, 0.7233406594142426, -0.38534549197243667, -2.8644082992989364, 0.33056403770956344], [0.3992861750043183, -1.3141520517124405, -0.20815408869596194, 0.039550223377687044, 0.2211526722616418], [1.017213457579334, 0.8854492101686282, 0.09098404164883843, 0.40811154288999885, 0.5621873245313026]]"
clip,6,8,8,1.9837090890864706,0.19837090890864706,"[""wild"", ""wild"", ""wild"", ""wild"", ""wild"", ""wild"", ""cat"", ""dog""]","[1.0, 1.0, 1.0, 1.0, 1.0, 1.0, 1.0, 1.0]","[[-1.6360902253514544, 0.2762526835782532, -0.8024330133161017, 0.41253810814095915, -0.35277470020805946, 1.6178530159352336], [-1.5578208641300897, 0.08019605161262976, 0.585030119744441, 1.2921042927529087, 1.0389394059535941, 1.249767139684248], [-1.5396971605046819, 0.285369179317391, -0.8099922872044465, -1.230618628105885, -0.922042975846753, 0.6683060478839382], [-1.4166197482119147, 0.326824982513364, 0.7421198673001375, 1.0217907028355044, -0.1806094334160676, -2.4150840913908183], [-0.7018213313031734, 1.332194559932594, 0.4232860843698265, -2.0629453631798187, 2.060189696399484, -0.4680695008963141], [-0.5690464255257845, 0.7355422973177805, -0.3909955822629081, -2.8527837286167683, 0.4082664048926329, -0.0927230610906305], [0.404275442799426, -1.3272749757236046, -0.20945403273325003, 0.05474163024964666, 0.26779894686958616, -0.05553637294895622], [1.0347782486511372, 0.8935493921448507, 0.1096475368334207, 0.4600891601748009, 0.38984059895863243, 0.189440710795024]]","[[-1.6362242217136864, 0.2669585421919192, -0.748347809866199, 0.41581104897675475, -0.3369898379372703, 1.628929270419926], [-1.564347396395377, 0.10445119927065138, 0.5432598597529193, 1.307279219353248, 1.0236017722238864, 1.261608984060034], [-1.5383881970623317, 0.2552987080098165, -0.6427831217475921, -1.194678350691102, -0.8259703773300509, 0.7507986873157618], [-1.4104508939690916, 0.2683880828010652, 1.0313726129508096, 1.0293934243525642, -0.1104159362650423, -2.379581188347852], [-0.6939917163181392, 1.2945175770375403, 0.4909889864960795, -2.0465477153154623, 2.0748613974912056, -0.43610809842303166], [-0.567985659196767, 0.7070144047492545, -0.3247650151143155, -2.8574436487721844, 0.33784977142456496, -0.16780382323453108], [0.39947206401110696, -1.3232013076006002, -0.19559577428847402, 0.03085720702926465, 0.23199396621791998, -0.08147282368363863], [1.022104501530148, 0.8889863801278103, 0.11720603753469329, 0.4276999420927435, 0.5029622187438687, 0.12852076544280214]]"
clip,7,8,10,2.220358573050049,0.22203585730500489,"[""wild"", ""wild"", ""wild"", ""wild"", ""wild"", ""wild"", ""cat"", ""dog""]","[1.0, 1.0, 1.0, 1.0, 1.0, 1.0, 1.0, 1.0]","[[-1.646594177150657, 0.3056554002130193, -0.8371443545233328, 0.516281317355778, -0.34926832680750713, 1.6335432726643098, -0.9150481841780441], [-1.5668621687175006, 0.08458746224854723, 0.5901316964966694, 1.3088096913451062, 1.050165323898938, 1.2587194172140599, -0.5824247457155377], [-1.5458775099390936, 0.3009529140760385, -0.803086267040156, -1.2664929854180014, -0.9887672905176917, 0.5641344376428858, 0.9341769749840018], [-1.4140132529165925, 0.2767042480211515, 0.9507967019958091, 1.0172542496270764, -0.11006963031175006, -2.403942285569735, 0.7669176666315174], [-0.7119696879927617, 1.3434933272758343, 0.41686404498936125, -2.0571215362274313, 2.0467116758399437, -0.44776258033184957, -0.3968180153596929], [-0.574425040980388, 0.7156013250902261, -0.2987757440369247, -2.8149207339186453, 0.40559518763979613, -0.041662417023623464, 1.0127108827895661], [0.38879186341479893, -1.3367209833483071, -0.13092765096922857, 0.0656499644863366, 0.29827747555525486, -0.03223298204772842, 0.13455022873139946], [1.034122211965837, 0.8495958879428159, 0.1805733302171527, 0.36907810820474574, 0.5278350832116286, 0.1507242029569162, 0.09656488904735806]]","[[-1.6471435031112722, 0.264617623411208, -0.6965762116098273, 0.49725739485129716, -0.2923987967709112, 1.6795201531113544, -0.9288703591075925], [-1.5701654452529916, 0.11693508171406247, 0.5181424896715774, 1.3192363599039874, 1.02297187134154, 1.2730866747198226, -0.5939383441357055], [-1.5404674729027497, 0.27491419936115763, -0.6457315709668535, -1.269453896414673, -0.9051317359992629, 0.674395424363854, 1.0401730472504167], [-1.4110998509104031, 0.2328778797634142, 1.1748074443969778, 1.0219967797827036, -0.07902825669517018, -2.3859552313127224, 0.8131816466449859], [-0.7044546594887985, 1.2889076788178688, 0.5424287183456865, -2.065597650909604, 2.0670637143352777, -0.45054067496771677, -0.4948452755207357], [-0.5806346763520642, 0.7183139918883087, -0.3435451111969125, -2.830254468322814, 0.33396203611245023, -0.14555178719486953, 0.9201227362682949], [0.39038852668243545, -1.352664445400584, -0.11967027712600836, 0.017007184354590775, 0.30533562686522964, -0.09747969385302917, 0.057767979571239636], [0.6449482448814388, 0.39038641964860193, 1.511571631432788, -1.4634958010834629, -0.17925134536800613, 0.7247245766708809, 1.7780070353188164], [0.9432811144874591, 1.0043273073684287, 1.1449019045210147, 0.12574576193347886, -1.57785527237146, 0.36117771706025437, -0.9728592207797393], [1.016102511025663, 0.8876130842963779, 0.07158691292688883, 0.41685052772140996, 0.6057200921201326, 0.12099911478847117, 0.247572380667742]]"
clip,8,8,11,2.421154494043548,0.2421154494043548,"[""wild"", ""wild"", ""wild"", ""wild"", ""wild"", ""wild"", ""cat"", ""dog""]","[1.0, 1.0, 1.0, 1.0, 1.0, 1.0, 1.0, 1.0]","[[-1.647301948200082, 0.3111308704517933, -0.8416990056744015, 0.5440603407801275, -0.3555418397655343, 1.6840324556652326, -0.9480085819398888, 1.4345037549583872], [-1.570496674776966, 0.09199102649751353, 0.5900629257002814, 1.3256132527901292, 1.0711571137486697, 1.268872267105105, -0.5475090085529081, -1.3857998792259296], [-1.5526704842783825, 0.3048971123641946, -0.7880681458305917, -1.2649965777160295, -1.0095697763779676, 0.5429003448090157, 0.9803907648824167, 1.845425484082309], [-1.408452629191147, 0.25994168895906566, 1.0084514504464848, 1.0117862607133712, -0.09255572637959164, -2.399796155551058, 0.7782726375986251, 0.30920670305989173], [-0.7212300059545023, 1.3699503705556784, 0.3823002487189238, -2.0343268485486514, 2.0725513267784312, -0.42084225688849614, -0.3744476081635056, -1.6011778978755125], [-0.5790115347299738, 0.7291019593963672, -0.3449030364162048, -2.798137772477737, 0.4132776692562209, -0.0394360719827236, 1.0628484760700192, -1.1658520431664452], [0.3860713079577576, -1.3455048813590385, -0.06880608201994451, 0.06890315224655764, 0.288987199508288, -0.013044133779148339, 0.18611825256934483, 0.10828819800038844], [1.034222709673482, 0.8513674765284129, 0.2304291355708893, 0.4091769016427033, 0.44122509749761596, 0.21121801983943828, 0.22769969940366908, 0.6871783774004224]]","[[-1.654670142224322, 0.27902032903527246, -0.7278963290902277, 0.5387793082641789, -0.31091140933628186, 1.7337087988267021, -0.9960116822576689, 1.419278953715174], [-1.5777840389771183, 0.13035481243729205, 0.4988169714967058, 1.347764531454776, 1.0484352927832123, 1.2853261175031785, -0.5521854020118754, -1.4028678948874864], [-1.5404160863757124, 0.2707158801749522, -0.6190372409033936, -1.2847390729737753, -0.9161680131444726, 0.6610681148359904, 1.0680554329949818, 1.8672841690550963], [-1.5294958754774644, 0.1758685471817052, -0.6860018778706136, -0.668792867298856, -0.18315162858613743, 1.431392868079477, -0.256081403385773, 0.7584255535429681], [-1.4126716939112332, 0.23087991546747835, 1.188774579246686, 1.0244657508926107, -0.08153066824328262, -2.3891912863044595, 0.8154008049847765, 0.325053807909343], [-0.7104804944350064, 1.295408271598427, 0.5405801522815532, -2.0665017129861627, 2.079030765492417, -0.44106592796999683, -0.5058599001207184, -1.483360416976673], [-0.581895165530427, 0.7246582542421426, -0.3666428043556252, -2.8414440929694282, 0.3420213258343649, -0.1602634512072691, 0.9239176817015464, -1.1041513127469622], [0.3910518367812078, -1.3576472798794024, -0.09455304751332086, 0.016812040423973985, 0.30653143374542036, -0.0896960145837074, 0.09305079622355268, 0.13377768429232698], [0.6361821429958366, 0.3625777923767171, 1.5585031829260274, -1.456727983708822, -0.13355362769105258, 0.7101961829183995, 1.8113384081499322, 0.5155842146833753], [0.9239892466583741, 0.9945595132161311, 1.2914099697979535, 0.15976017487157107, -1.7116830153864875, 0.42459598032098067, -0.8718977226404572, -0.4584383504773243], [1.0150124773417573, 0.8609470270172844, 0.20419184346412048, 0.43636128483100384, 0.4884602046807333, 0.21134132984180581, 0.4046488461916343, 0.6881459003043157]]"
inception,2,3,3,1.6874510063683719,0.1687451006368372,"[""wild"", ""dog"", ""cat""]","[1.0, 0.9, 1.0]","[[-1.0273196818092138, 0.7845488899791213], [-0.5406076934765495, -0.8311869607424299], [1.3479338294278669, 0.3412784543290304]]","[[-1.0337035809380088, 0.7723665663883044], [-0.5426130079476217, -0.8409967743005016], [1.3444483202142503, 0.3454278007536259]]"
inception,3,5,5,1.9905911572295703,0.19905911572295704,"[""wild"", ""wild"", ""wild"", ""dog"", ""cat""]","[1.0, 1.0, 1.0, 0.8, 1.0]","[[-1.0738216958674047, 0.6331031697253453, -2.0733634999648745], [-0.8871371377324347, 1.0347418566617943, -0.11685720729419517], [-0.8662130145468265, 2.004389889692804, 2.2880113743174224], [-0.5295702708092591, -0.8629101412337016, 0.36637771052791024], [1.3506628289726728, 0.31875767214439504, -0.15881496174827495]]","[[-1.0717195504848764, 0.6224573697443508, -2.0771918670927927], [-0.897383543159904, 1.072944542032813, -0.05520605099463462], [-0.8835626903541868, 2.013347571477007, 2.3237719491785933], [-0.535845248751222, -0.8655370656423284, 0.36755733140999], [1.3479209040951745, 0.3173020332230565, -0.15903210789561745]]"
inception,4,6,6,2.0283236361333583,0.20283236361333584,"[""wild"", ""wild"", ""wild"", ""wild"", ""dog"", ""cat""]","[1.0, 1.0, 1.0, 1.0, 0.9, 1.0]","[[-1.213819884841251, 0.8209183034292602, -1.4929067636213196, 3.0840625687477576], [-1.0455422611441272, 0.5938944165628715, -2.2115138079932977, -1.7637951717255045], [-0.8915823963421944, 1.0355616045074059, -0.08281145755370363, 0.5937174140378813], [-0.8661770543056928, 2.003578694628136, 2.2879041650739294, -0.8780949227258649], [-0.5204926997261698, -0.8402780948037598, 0.3827596281201134, 0.10294435382025569], [1.3526401259533691, 0.30083854015664513, -0.154977836011288, 0.10740937931246056]]","[[-1.212067841684452, 0.8207374605377465, -1.489787763165174, 3.1012524878751786], [-1.0504506942153857, 0.586583839260733, -2.204805137435136, -1.7666109864315023], [-0.8966610014634663, 1.0735348831903675, -0.06150201042127585, 0.6206185718653172], [-0.8831170128649071, 2.01339424273848, 2.323497793384303, -0.8630498352115669], [-0.5287562904800006, -0.832709688106786, 0.38791666523065554, 0.09826979735943318], [1.3451297643488045, 0.3123447212815096, -0.15692330162722104, 0.09972376947070093]]"
inception,5,6,6,2.3660500102243094,0.23660500102243096,"[""wild"", ""wild"", ""wild"", ""wild"", ""dog"", ""cat""]","[1.0, 1.0, 1.0, 1.0, 1.0, 1.0]","[[-1.2159333311528648, 0.8235054524707296, -1.4967980538752974, 3.0985898996441597, 1.1174699274145923], [-1.0511870185316787, 0.5985235832391901, -2.2170113431517255, -1.7743033298927795, -0.9732890569683271], [-0.9059933815758863, 1.0799705127617765, -0.07478871134730841, 0.627731221628571, 1.3560448072964062], [-0.8734788267161473, 2.019789824157646, 2.309465756006815, -0.8735646080767775, -0.13716979012244554], [-0.48883201203195203, -0.9522568677879646, 0.4709710459639813, 0.13900031077892322, -0.4991708949387064], [1.3699642974035113, 0.345062495272326, -0.1511909494016106, 0.14889071154086378, -0.22926714795495204]]","[[-1.2173748229466699, 0.8251000194283888, -1.4847509527778684, 3.1250368025093973, 1.1297548004819256], [-1.0620698867167968, 0.5919193683471662, -2.2121748565986437, -1.7664664258886469, -1.004821970980215], [-0.9073085172966238, 1.1016784521086276, -0.05671149408835081, 0.6352983958599289, 1.3487025130143184], [-0.8896131932096168, 2.025889532403922, 2.3405658920768464, -0.8577366614409433, -0.12279789645943769], [-0.4930245125088925, -0.9313543549268527, 0.4535380165060292, 0.13573371152322958, -0.47444475806408], [1.3550359702624344, 0.3212423355918197, -0.16304843891520707, 0.10142642410210016, -0.14658191512728935]]"
inception,6,8,8,1.7786448439778486,0.17786448439778488,"[""wild"", ""wild"", ""wild"", ""wild"", ""wild"", ""dog"", ""wild"", ""cat""]","[1.0, 1.0, 1.0, 1.0, 1.0, 1.0, 1.0, 1.0]","[[-1.217447317485364, 0.8238038180053132, -1.4994919632093957, 3.1079129638228453, 1.1187756708237617, 0.3105922856930975], [-1.0523614333978424, 0.5991393921219994, -2.2204433484671164, -1.773810754069405, -0.9681422125795466, -0.008697460450199129], [-0.9400686260782671, 1.1358749093890939, -0.03969325099949279, 0.7946737707442788, 1.320264641794551, 1.211323933285464], [-0.8754573369891558, 2.0214361246901444, 2.3127279111629933, -0.8727055658145082, -0.1387339147333611, 0.1872278104235815], [-0.757269686667154, -0.6552311900213755, 0.3668033684759877, -0.06900688705533901, 0.7249308727164301, -3.5179995495685055], [-0.4641252253291755, -0.9344750154174158, 0.4276130263841674, 0.16933993302289532, -0.5779158424707739, 0.28614931869061055], [-0.45700670120519626, -0.4183240957697003, -0.04804638381028215, 0.32096346439405904, 1.215007501388174, -1.951812346418168], [1.3491346673201368, 0.42098753048644955, -0.1486346442217341, 0.18874895072131315, -0.3324695459938902, -0.21018576903635408]]","[[-1.2222133622222144, 0.8278436148252596, -1.4848770777574463, 3.1387532251154253, 1.1347344658137106, 0.3051770705854539], [-1.0643253602863643, 0.5932365987040745, -2.213822432751935, -1.7651789530226734, -1.0067523551798123, -0.033916124537700564], [-0.9299068800898378, 1.1398897192036281, -0.056630734451213874, 0.7413587803842765, 1.3371186984692287, 1.230820449151133], [-0.8930606145911468, 2.0298300834626297, 2.346392933320148, -0.8555596850607582, -0.13029440937850964, 0.1579305779627365], [-0.7484999288784286, -0.6594374595016083, 0.39220474697693325, -0.07378465525143751, 0.7462034658472514, -3.4835169196292757], [-0.4779043671058234, -0.8945743085024939, 0.4092620504133966, 0.16957294957810864, -0.565888415690351, 0.20646888976072686], [-0.45300415619633383, -0.38857261882503236, -0.058406003537307946, 0.39577141288157025, 1.11754174118032, -1.950956014974899], [1.3294596283445048, 0.4883034701292707, -0.1381858161651592, 0.24949745731292433, -0.4688763844802994, -0.2959484918347498]]"
inception,7,8,8,2.3686895084488433,0.23686895084488435,"[""wild"", ""wild"", ""wild"", ""wild"", ""wild"", ""dog"", ""wild"", ""cat""]","[1.0, 1.0, 1.0, 1.0, 1.0, 1.0, 1.0, 1.0]","[[-1.2189231051177676, 0.8231927371153855, -1.5048005933618316, 3.1236368520047546, 1.1100044992619222, 0.3019410898243074, 1.4449498426104204], [-1.0562504263931878, 0.5998317531313867, -2.220785098776133, -1.775987938498944, -0.9728795797380375, -0.020127821489416595, -0.024986579106669835], [-0.9279313526110357, 1.1157394059389971, -0.1418550760697475, 0.7170369729063419, 1.3763815438077576, 1.2434068860708738, -2.2652259812809254], [-0.8810679823394888, 2.0281666508717553, 2.3237053900515074, -0.8709252271817921, -0.15528781336618125, 0.17119406741535861, 1.1468958654927426], [-0.7626100345684255, -0.6494803482877113, 0.3786059279213558, -0.06807799821652499, 0.7148815406756099, -3.5614233542503153, -1.0346287030430272], [-0.4825134288744196, -0.799828679180882, 0.40284484515592317, 0.059477503587110084, -0.46888143330309906, 0.06576962231860724, -0.030473039621094964], [-0.4470358904293415, -0.37499392779151114, -0.10289852047492454, 0.41509111819486755, 1.2782805207662036, -1.9209982799276546, 1.4149302255126897], [1.34916437408851, 0.5043655471793194, -0.11835747437081774, 0.33525410404179934, -0.5243774728784143, -0.34181055615003864, -0.22494110890177135]]","[[-1.224695991247953, 0.8289210840015298, -1.4865289256500787, 3.1662575240910047, 1.1359271409012561, 0.29975060293876554, 1.4250341778760802], [-1.0671028155035565, 0.5911440253334583, -2.21238391366363, -1.7636535258076118, -1.0253230982072294, -0.04919852671174893, 0.055407645553594655], [-0.9209172151782655, 1.120803172968793, -0.16092570417967964, 0.6653314867611306, 1.4024248696180621, 1.2576434223638173, -2.3454572408568075], [-0.8969226896903101, 2.0374477323369393, 2.3583620430447776, -0.8541062108055878, -0.14602480378526964, 0.14434111190716625, 1.1310492666838052], [-0.7533357537605826, -0.6541678056547348, 0.4063016296313336, -0.06950030334379181, 0.7346955382249081, -3.531144025936196, -1.036836727285915], [-0.4890395242328447, -0.7859171827996043, 0.39466916964947013, 0.052350234518018346, -0.456109674999511, -0.004130826864300553, -0.0392706170401813], [-0.43792794800770546, -0.34014570770192265, -0.1214783280059059, 0.49303686386231743, 1.1858826168001724, -1.914455970489442, 1.4890684427029053], [1.333990859937208, 0.5656402533435565, -0.09931762330691035, 0.3921201864912001, -0.6639787598539869, -0.4096782506296092, -0.30501345000726354]]"
inception,8,10,10,2.4432127559222954,0.24432127559222955,"[""wild"", ""wild"", ""wild"", ""wild"", ""dog"", ""wild"", ""dog"", ""dog"", ""wild"", ""cat""]","[1.0, 1.0, 1.0, 1.0, 1.0, 1.0, 1.0, 1.0, 1.0, 1.0]","[[-1.2191212423617679, 0.8241500266405946, -1.5050989602568323, 3.1244599958469075, 1.1074862184006684, 0.30192546322617103, 1.446286751123842, 0.8401363162695057], [-1.0618334062824737, 0.6068409072757487, -2.226973108306237, -1.771682651941301, -0.9740534337037118, -0.023934010441596692, -0.0361170868122419, 0.002741442212687724], [-0.9307815069570045, 1.1177064748216525, -0.13153190534943196, 0.7284760024222345, 1.3722198357056796, 1.2403909859296463, -2.2484245299771732, 0.0038032847267664292], [-0.881730669214395, 2.0289433226706985, 2.324145315212186, -0.8705781952960627, -0.15618367525797133, 0.16975663011979478, 1.1482080716872969, 0.04447306130311342], [-0.8256117919720581, -0.7764250260626635, 0.05938856144271133, 1.079787051402443, -1.1758440354815487, 0.7281626614024439, 1.7464201215696566, -1.9824718916066655], [-0.767410833261766, -0.6385355889502841, 0.3732431441754147, -0.06464889957161798, 0.7149364044144481, -3.5818086833189002, -1.0357788940606065, -1.245786039124435], [-0.5658644805940455, -0.8865520103133622, 0.5876680711792582, -0.038904001419279265, -0.24755099705746325, -0.3324930049647074, -0.02075499486132972, 3.098769657987719], [-0.45187758666968686, -0.7291665886462814, 0.3401358371600979, 0.09977599981443226, -0.504587833997769, 0.07563324168243538, -0.08633187376281896, 0.2698616249698826], [-0.44484060511698753, -0.36412843247757737, -0.10459912788528226, 0.42883122854911265, 1.2729802492183726, -1.9299383801808923, 1.4134584838023863, -0.9677824713576987], [1.3338206770960386, 0.6389443717378749, -0.06993565211964502, 0.49135662786570616, -0.8082776778681707, -0.5243500937199681, -0.4181800365632079, 0.11169102153017371]]","[[-1.2239404858749452, 0.8284210810108484, -1.4878478134816389, 3.162918291361113, 1.1356297903755435, 0.29882067581753496, 1.4255783868754464, 0.8362861754422113], [-1.072280600391406, 0.5947941337953615, -2.216712688809408, -1.7647944417068167, -1.0372437334881701, -0.05946749903779515, 0.06157279791903457, 0.10833448804606668], [-0.9233312882776817, 1.1214960775649294, -0.15229952703470498, 0.6764298939164238, 1.3995204036358033, 1.2560718500014993, -2.328942516933807, 0.013859414481374387], [-0.8977357822075942, 2.0392540432598096, 2.3605300292652833, -0.8535249759203322, -0.1473043125400206, 0.14197667326572644, 1.1346745704412262, 0.01993704238848476], [-0.7547864193019279, -0.6496360496588082, 0.4039397679387635, -0.068017964416075, 0.7385360382160696, -3.540721152787998, -1.0376274070742693, -1.2105362508247535], [-0.6928447672928664, -1.0505999015186591, 0.12202962153578628, 0.7018658835827627, -1.348920761156542, 1.0087675884633276, 0.9432281381148985, -1.9043984465729307], [-0.5843581779241355, -0.7547622874485616, 0.3552713650422071, 0.025168304807494053, -0.371021537921723, -0.4247778950965149, 0.057601744779930554, 2.6090407460815506], [-0.4384664179491941, -0.3276576761253487, -0.12317314393583412, 0.5093318511134268, 1.1839147041737244, -1.919573021622413, 1.4972674338634977, -0.9138389191910975], [-0.4364980108048824, -0.7870944038916491, 0.3637042868778122, 0.024390049296429038, -0.4371717050651699, 0.09077544478087307, -0.08425748514902363, 0.304183835867697], [1.3306371209147845, 0.6118597063578646, -0.0844244177338092, 0.44389310797441583, -0.7601259393360499, -0.469079580503304, -0.3613408827198436, 0.08990788387604785]]"
