encoder,model,step,sigma,prop_cat,prop_dog,prop_wild,agreement_with_final_class,mass_between_modes,real_prop_cat,real_prop_dog,real_prop_wild,real_mass_between_modes
clip,vp,0,80.0,0.4216,0.5784,0.0,0.4064,0.802,0.3511291256514186,0.3315576143601621,0.31731325998841925,0.05315576143601621
clip,vp,1,69.45094299316406,0.4424,0.5576,0.0,0.425,0.7138,0.3511291256514186,0.3315576143601621,0.31731325998841925,0.05315576143601621
clip,vp,2,60.117393493652344,0.4518,0.5482,0.0,0.4454,0.6122,0.3511291256514186,0.3315576143601621,0.31731325998841925,0.05315576143601621
clip,vp,3,51.88031768798828,0.443,0.557,0.0,0.471,0.5044,0.3511291256514186,0.3315576143601621,0.31731325998841925,0.05315576143601621
clip,vp,4,44.63020324707031,0.4306,0.5694,0.0,0.4948,0.3896,0.3511291256514186,0.3315576143601621,0.31731325998841925,0.05315576143601621
clip,vp,5,38.26646041870117,0.4256,0.5744,0.0,0.5114,0.2922,0.3511291256514186,0.3315576143601621,0.31731325998841925,0.05315576143601621
clip,vp,6,32.6968879699707,0.4494,0.5502,0.0004,0.5294,0.2388,0.3511291256514186,0.3315576143601621,0.31731325998841925,0.05315576143601621
clip,vp,7,27.837114334106445,0.4826,0.5164,0.001,0.5414,0.2058,0.3511291256514186,0.3315576143601621,0.31731325998841925,0.05315576143601621
clip,vp,8,23.61009407043457,0.4978,0.494,0.0082,0.5598,0.2072,0.3511291256514186,0.3315576143601621,0.31731325998841925,0.05315576143601621
clip,vp,9,19.945627212524414,0.5034,0.476,0.0206,0.5808,0.2198,0.3511291256514186,0.3315576143601621,0.31731325998841925,0.05315576143601621
clip,vp,10,16.779890060424805,0.4936,0.464,0.0424,0.6018,0.2426,0.3511291256514186,0.3315576143601621,0.31731325998841925,0.05315576143601621
clip,vp,11,14.054981231689453,0.4796,0.451,0.0694,0.639,0.2634,0.3511291256514186,0.3315576143601621,0.31731325998841925,0.05315576143601621
clip,vp,12,11.718514442443848,0.4562,0.4348,0.109,0.6822,0.2848,0.3511291256514186,0.3315576143601621,0.31731325998841925,0.05315576143601621
clip,vp,13,9.723201751708984,0.4312,0.4164,0.1524,0.735,0.29,0.3511291256514186,0.3315576143601621,0.31731325998841925,0.05315576143601621
clip,vp,14,8.026479721069336,0.4078,0.3968,0.1954,0.79,0.2854,0.3511291256514186,0.3315576143601621,0.31731325998841925,0.05315576143601621
clip,vp,15,6.59014368057251,0.3938,0.376,0.2302,0.8464,0.261,0.3511291256514186,0.3315576143601621,0.31731325998841925,0.05315576143601621
clip,vp,16,5.380004405975342,0.3794,0.364,0.2566,0.8992,0.2184,0.3511291256514186,0.3315576143601621,0.31731325998841925,0.05315576143601621
clip,vp,17,4.365561485290527,0.3754,0.355,0.2696,0.935,0.1758,0.3511291256514186,0.3315576143601621,0.31731325998841925,0.05315576143601621
clip,vp,18,3.5196988582611084,0.373,0.3456,0.2814,0.9592,0.1432,0.3511291256514186,0.3315576143601621,0.31731325998841925,0.05315576143601621
clip,vp,19,2.818392515182495,0.3734,0.3402,0.2864,0.9724,0.1114,0.3511291256514186,0.3315576143601621,0.31731325998841925,0.05315576143601621
clip,vp,20,2.2404396533966064,0.3754,0.3362,0.2884,0.9822,0.0892,0.3511291256514186,0.3315576143601621,0.31731325998841925,0.05315576143601621
clip,vp,21,1.7672027349472046,0.375,0.3334,0.2916,0.9884,0.069,0.3511291256514186,0.3315576143601621,0.31731325998841925,0.05315576143601621
clip,vp,22,1.3823679685592651,0.3758,0.3334,0.2908,0.9892,0.0542,0.3511291256514186,0.3315576143601621,0.31731325998841925,0.05315576143601621
clip,vp,23,1.0717219114303589,0.3756,0.3344,0.29,0.9894,0.048,0.3511291256514186,0.3315576143601621,0.31731325998841925,0.05315576143601621
clip,vp,24,0.8229413628578186,0.3758,0.3346,0.2896,0.9902,0.0454,0.3511291256514186,0.3315576143601621,0.31731325998841925,0.05315576143601621
clip,vp,25,0.6253984570503235,0.3758,0.3346,0.2896,0.991,0.048,0.3511291256514186,0.3315576143601621,0.31731325998841925,0.05315576143601621
clip,vp,26,0.46997904777526855,0.3758,0.3338,0.2904,0.9918,0.0466,0.3511291256514186,0.3315576143601621,0.31731325998841925,0.05315576143601621
clip,vp,27,0.34891507029533386,0.3758,0.3338,0.2904,0.9922,0.048,0.3511291256514186,0.3315576143601621,0.31731325998841925,0.05315576143601621
clip,vp,28,0.2556295096874237,0.3758,0.3322,0.292,0.9942,0.0482,0.3511291256514186,0.3315576143601621,0.31731325998841925,0.05315576143601621
clip,vp,29,0.18459385633468628,0.3754,0.332,0.2926,0.9946,0.0508,0.3511291256514186,0.3315576143601621,0.31731325998841925,0.05315576143601621
clip,vp,30,0.13119736313819885,0.3754,0.3318,0.2928,0.9948,0.0488,0.3511291256514186,0.3315576143601621,0.31731325998841925,0.05315576143601621
clip,vp,31,0.09162769466638565,0.3752,0.3304,0.2944,0.9964,0.0498,0.3511291256514186,0.3315576143601621,0.31731325998841925,0.05315576143601621
clip,vp,32,0.06276240199804306,0.3752,0.33,0.2948,0.9968,0.0522,0.3511291256514186,0.3315576143601621,0.31731325998841925,0.05315576143601621
clip,vp,33,0.042070694267749786,0.3752,0.3296,0.2952,0.9972,0.0538,0.3511291256514186,0.3315576143601621,0.31731325998841925,0.05315576143601621
clip,vp,34,0.02752504125237465,0.375,0.3294,0.2956,0.9978,0.056,0.3511291256514186,0.3315576143601621,0.31731325998841925,0.05315576143601621
clip,vp,35,0.017522037029266357,0.375,0.3286,0.2964,0.999,0.056,0.3511291256514186,0.3315576143601621,0.31731325998841925,0.05315576143601621
clip,vp,36,0.010812046937644482,0.3752,0.3288,0.296,0.9988,0.055,0.3511291256514186,0.3315576143601621,0.31731325998841925,0.05315576143601621
clip,vp,37,0.006437113508582115,0.3752,0.3284,0.2964,0.9996,0.0542,0.3511291256514186,0.3315576143601621,0.31731325998841925,0.05315576143601621
clip,vp,38,0.003676589112728834,0.3754,0.3282,0.2964,0.9998,0.0546,0.3511291256514186,0.3315576143601621,0.31731325998841925,0.05315576143601621
clip,vp,39,0.0020000000949949026,0.3754,0.328,0.2966,1.0,0.0534,0.3511291256514186,0.3315576143601621,0.31731325998841925,0.05315576143601621
clip,vp,40,0.0,0.3754,0.328,0.2966,1.0,0.0534,0.3511291256514186,0.3315576143601621,0.31731325998841925,0.05315576143601621
clip,ve,0,80.0,0.6032,0.3964,0.0004,0.4706,0.6576,0.3511291256514186,0.3315576143601621,0.31731325998841925,0.05315576143601621
clip,ve,1,69.45094299316406,0.607,0.3912,0.0018,0.5006,0.4416,0.3511291256514186,0.3315576143601621,0.31731325998841925,0.05315576143601621
clip,ve,2,60.117393493652344,0.5732,0.4264,0.0004,0.4888,0.4606,0.3511291256514186,0.3315576143601621,0.31731325998841925,0.05315576143601621
clip,ve,3,51.88031768798828,0.6072,0.3886,0.0042,0.5044,0.3952,0.3511291256514186,0.3315576143601621,0.31731325998841925,0.05315576143601621
clip,ve,4,44.63020324707031,0.569,0.4306,0.0004,0.5094,0.3048,0.3511291256514186,0.3315576143601621,0.31731325998841925,0.05315576143601621
clip,ve,5,38.26646041870117,0.568,0.4294,0.0026,0.517,0.311,0.3511291256514186,0.3315576143601621,0.31731325998841925,0.05315576143601621
clip,ve,6,32.6968879699707,0.594,0.404,0.002,0.5142,0.3034,0.3511291256514186,0.3315576143601621,0.31731325998841925,0.05315576143601621
clip,ve,7,27.837114334106445,0.5356,0.457,0.0074,0.5394,0.2828,0.3511291256514186,0.3315576143601621,0.31731325998841925,0.05315576143601621
clip,ve,8,23.61009407043457,0.5008,0.4834,0.0158,0.55,0.2846,0.3511291256514186,0.3315576143601621,0.31731325998841925,0.05315576143601621
clip,ve,9,19.945627212524414,0.4656,0.4952,0.0392,0.5752,0.3078,0.3511291256514186,0.3315576143601621,0.31731325998841925,0.05315576143601621
clip,ve,10,16.779890060424805,0.4674,0.4758,0.0568,0.5988,0.3008,0.3511291256514186,0.3315576143601621,0.31731325998841925,0.05315576143601621
clip,ve,11,14.054981231689453,0.4464,0.4594,0.0942,0.6378,0.3292,0.3511291256514186,0.3315576143601621,0.31731325998841925,0.05315576143601621
clip,ve,12,11.718514442443848,0.4254,0.4394,0.1352,0.686,0.314,0.3511291256514186,0.3315576143601621,0.31731325998841925,0.05315576143601621
clip,ve,13,9.723201751708984,0.4118,0.419,0.1692,0.7282,0.315,0.3511291256514186,0.3315576143601621,0.31731325998841925,0.05315576143601621
clip,ve,14,8.026479721069336,0.405,0.3918,0.2032,0.7842,0.3068,0.3511291256514186,0.3315576143601621,0.31731325998841925,0.05315576143601621
clip,ve,15,6.59014368057251,0.3842,0.3782,0.2376,0.8448,0.2718,0.3511291256514186,0.3315576143601621,0.31731325998841925,0.05315576143601621
clip,ve,16,5.380004405975342,0.3846,0.3588,0.2566,0.8918,0.2252,0.3511291256514186,0.3315576143601621,0.31731325998841925,0.05315576143601621
clip,ve,17,4.365561485290527,0.3792,0.3512,0.2696,0.9288,0.1918,0.3511291256514186,0.3315576143601621,0.31731325998841925,0.05315576143601621
clip,ve,18,3.5196988582611084,0.3802,0.3426,0.2772,0.9576,0.1594,0.3511291256514186,0.3315576143601621,0.31731325998841925,0.05315576143601621
clip,ve,19,2.818392515182495,0.3802,0.3412,0.2786,0.9712,0.1224,0.3511291256514186,0.3315576143601621,0.31731325998841925,0.05315576143601621
clip,ve,20,2.2404396533966064,0.3806,0.3376,0.2818,0.9796,0.095,0.3511291256514186,0.3315576143601621,0.31731325998841925,0.05315576143601621
clip,ve,21,1.7672027349472046,0.381,0.3356,0.2834,0.983,0.0724,0.3511291256514186,0.3315576143601621,0.31731325998841925,0.05315576143601621
clip,ve,22,1.3823679685592651,0.381,0.3352,0.2838,0.9858,0.0606,0.3511291256514186,0.3315576143601621,0.31731325998841925,0.05315576143601621
clip,ve,23,1.0717219114303589,0.3812,0.335,0.2838,0.9868,0.0536,0.3511291256514186,0.3315576143601621,0.31731325998841925,0.05315576143601621
clip,ve,24,0.8229413628578186,0.3812,0.336,0.2828,0.9866,0.049,0.3511291256514186,0.3315576143601621,0.31731325998841925,0.05315576143601621
clip,ve,25,0.6253984570503235,0.3814,0.3356,0.283,0.9874,0.0478,0.3511291256514186,0.3315576143601621,0.31731325998841925,0.05315576143601621
clip,ve,26,0.46997904777526855,0.3812,0.3356,0.2832,0.9892,0.0468,0.3511291256514186,0.3315576143601621,0.31731325998841925,0.05315576143601621
clip,ve,27,0.34891507029533386,0.3812,0.3346,0.2842,0.9906,0.0486,0.3511291256514186,0.3315576143601621,0.31731325998841925,0.05315576143601621
clip,ve,28,0.2556295096874237,0.381,0.3346,0.2844,0.991,0.0478,0.3511291256514186,0.3315576143601621,0.31731325998841925,0.05315576143601621
clip,ve,29,0.18459385633468628,0.3808,0.3348,0.2844,0.9922,0.0464,0.3511291256514186,0.3315576143601621,0.31731325998841925,0.05315576143601621
clip,ve,30,0.13119736313819885,0.3804,0.3342,0.2854,0.994,0.0466,0.3511291256514186,0.3315576143601621,0.31731325998841925,0.05315576143601621
clip,ve,31,0.09162769466638565,0.3806,0.3328,0.2866,0.995,0.0472,0.3511291256514186,0.3315576143601621,0.31731325998841925,0.05315576143601621
clip,ve,32,0.06276240199804306,0.3802,0.3324,0.2874,0.9964,0.0484,0.3511291256514186,0.3315576143601621,0.31731325998841925,0.05315576143601621
clip,ve,33,0.042070694267749786,0.38,0.3306,0.2894,0.9976,0.0486,0.3511291256514186,0.3315576143601621,0.31731325998841925,0.05315576143601621
clip,ve,34,0.02752504125237465,0.38,0.3312,0.2888,0.9974,0.0488,0.3511291256514186,0.3315576143601621,0.31731325998841925,0.05315576143601621
clip,ve,35,0.017522037029266357,0.38,0.3306,0.2894,0.9988,0.0484,0.3511291256514186,0.3315576143601621,0.31731325998841925,0.05315576143601621
clip,ve,36,0.010812046937644482,0.38,0.3302,0.2898,0.9992,0.049,0.3511291256514186,0.3315576143601621,0.31731325998841925,0.05315576143601621
clip,ve,37,0.006437113508582115,0.38,0.33,0.29,0.9994,0.0498,0.3511291256514186,0.3315576143601621,0.31731325998841925,0.05315576143601621
clip,ve,38,0.003676589112728834,0.38,0.3298,0.2902,0.9996,0.0484,0.3511291256514186,0.3315576143601621,0.31731325998841925,0.05315576143601621
clip,ve,39,0.0020000000949949026,0.38,0.3294,0.2906,1.0,0.049,0.3511291256514186,0.3315576143601621,0.31731325998841925,0.05315576143601621
clip,ve,40,0.0,0.38,0.3294,0.2906,1.0,0.049,0.3511291256514186,0.3315576143601621,0.31731325998841925,0.05315576143601621
inception,vp,0,80.0,0.0,0.9958,0.0042,0.389,0.0002,0.3511291256514186,0.3315576143601621,0.31731325998841925,0.05280833815865663
inception,vp,1,69.45094299316406,0.0,0.9928,0.0072,0.3904,0.0004,0.3511291256514186,0.3315576143601621,0.31731325998841925,0.05280833815865663
inception,vp,2,60.117393493652344,0.0,0.9894,0.0106,0.389,0.0002,0.3511291256514186,0.3315576143601621,0.31731325998841925,0.05280833815865663
inception,vp,3,51.88031768798828,0.0004,0.9892,0.0104,0.3892,0.0026,0.3511291256514186,0.3315576143601621,0.31731325998841925,0.05280833815865663
inception,vp,4,44.63020324707031,0.003,0.9782,0.0188,0.3948,0.015,0.3511291256514186,0.3315576143601621,0.31731325998841925,0.05280833815865663
inception,vp,5,38.26646041870117,0.0294,0.9396,0.031,0.4134,0.075,0.3511291256514186,0.3315576143601621,0.31731325998841925,0.05280833815865663
inception,vp,6,32.6968879699707,0.094,0.877,0.029,0.4512,0.1552,0.3511291256514186,0.3315576143601621,0.31731325998841925,0.05280833815865663
inception,vp,7,27.837114334106445,0.1516,0.826,0.0224,0.4814,0.1892,0.3511291256514186,0.3315576143601621,0.31731325998841925,0.05280833815865663
inception,vp,8,23.61009407043457,0.1744,0.8026,0.023,0.5026,0.1998,0.3511291256514186,0.3315576143601621,0.31731325998841925,0.05280833815865663
inception,vp,9,19.945627212524414,0.174,0.8034,0.0226,0.5168,0.1986,0.3511291256514186,0.3315576143601621,0.31731325998841925,0.05280833815865663
inception,vp,10,16.779890060424805,0.174,0.8042,0.0218,0.5286,0.1964,0.3511291256514186,0.3315576143601621,0.31731325998841925,0.05280833815865663
inception,vp,11,14.054981231689453,0.1806,0.8004,0.019,0.546,0.1914,0.3511291256514186,0.3315576143601621,0.31731325998841925,0.05280833815865663
inception,vp,12,11.718514442443848,0.1988,0.7828,0.0184,0.5696,0.1734,0.3511291256514186,0.3315576143601621,0.31731325998841925,0.05280833815865663
inception,vp,13,9.723201751708984,0.2184,0.7574,0.0242,0.5992,0.1706,0.3511291256514186,0.3315576143601621,0.31731325998841925,0.05280833815865663
inception,vp,14,8.026479721069336,0.2424,0.72,0.0376,0.6382,0.1532,0.3511291256514186,0.3315576143601621,0.31731325998841925,0.05280833815865663
inception,vp,15,6.59014368057251,0.2632,0.6778,0.059,0.6902,0.141,0.3511291256514186,0.3315576143601621,0.31731325998841925,0.05280833815865663
inception,vp,16,5.380004405975342,0.2958,0.6016,0.1026,0.7716,0.1328,0.3511291256514186,0.3315576143601621,0.31731325998841925,0.05280833815865663
inception,vp,17,4.365561485290527,0.3208,0.5364,0.1428,0.8382,0.123,0.3511291256514186,0.3315576143601621,0.31731325998841925,0.05280833815865663
inception,vp,18,3.5196988582611084,0.342,0.4764,0.1816,0.9018,0.1102,0.3511291256514186,0.3315576143601621,0.31731325998841925,0.05280833815865663
inception,vp,19,2.818392515182495,0.3556,0.4368,0.2076,0.9424,0.0964,0.3511291256514186,0.3315576143601621,0.31731325998841925,0.05280833815865663
inception,vp,20,2.2404396533966064,0.3624,0.418,0.2196,0.9628,0.0908,0.3511291256514186,0.3315576143601621,0.31731325998841925,0.05280833815865663
inception,vp,21,1.7672027349472046,0.365,0.4086,0.2264,0.9738,0.0858,0.3511291256514186,0.3315576143601621,0.31731325998841925,0.05280833815865663
inception,vp,22,1.3823679685592651,0.3672,0.4032,0.2296,0.9792,0.0798,0.3511291256514186,0.3315576143601621,0.31731325998841925,0.05280833815865663
inception,vp,23,1.0717219114303589,0.3676,0.3992,0.2332,0.9832,0.0746,0.3511291256514186,0.3315576143601621,0.31731325998841925,0.05280833815865663
inception,vp,24,0.8229413628578186,0.3678,0.3974,0.2348,0.9848,0.0686,0.3511291256514186,0.3315576143601621,0.31731325998841925,0.05280833815865663
inception,vp,25,0.6253984570503235,0.3684,0.3966,0.235,0.9852,0.0678,0.3511291256514186,0.3315576143601621,0.31731325998841925,0.05280833815865663
inception,vp,26,0.46997904777526855,0.3688,0.3948,0.2364,0.9866,0.0642,0.3511291256514186,0.3315576143601621,0.31731325998841925,0.05280833815865663
inception,vp,27,0.34891507029533386,0.369,0.393,0.238,0.989,0.0632,0.3511291256514186,0.3315576143601621,0.31731325998841925,0.05280833815865663
inception,vp,28,0.2556295096874237,0.3688,0.392,0.2392,0.9906,0.0622,0.3511291256514186,0.3315576143601621,0.31731325998841925,0.05280833815865663
inception,vp,29,0.18459385633468628,0.369,0.391,0.24,0.9924,0.0602,0.3511291256514186,0.3315576143601621,0.31731325998841925,0.05280833815865663
inception,vp,30,0.13119736313819885,0.369,0.3904,0.2406,0.9936,0.0586,0.3511291256514186,0.3315576143601621,0.31731325998841925,0.05280833815865663
inception,vp,31,0.09162769466638565,0.3684,0.3902,0.2414,0.995,0.0586,0.3511291256514186,0.3315576143601621,0.31731325998841925,0.05280833815865663
inception,vp,32,0.06276240199804306,0.3686,0.3892,0.2422,0.996,0.0584,0.3511291256514186,0.3315576143601621,0.31731325998841925,0.05280833815865663
inception,vp,33,0.042070694267749786,0.3682,0.3894,0.2424,0.9974,0.057,0.3511291256514186,0.3315576143601621,0.31731325998841925,0.05280833815865663
inception,vp,34,0.02752504125237465,0.3682,0.389,0.2428,0.9982,0.0534,0.3511291256514186,0.3315576143601621,0.31731325998841925,0.05280833815865663
inception,vp,35,0.017522037029266357,0.368,0.389,0.243,0.9986,0.0552,0.3511291256514186,0.3315576143601621,0.31731325998841925,0.05280833815865663
inception,vp,36,0.010812046937644482,0.3678,0.3888,0.2434,0.9994,0.0544,0.3511291256514186,0.3315576143601621,0.31731325998841925,0.05280833815865663
inception,vp,37,0.006437113508582115,0.3676,0.3888,0.2436,0.9998,0.056,0.3511291256514186,0.3315576143601621,0.31731325998841925,0.05280833815865663
inception,vp,38,0.003676589112728834,0.3678,0.3886,0.2436,1.0,0.0566,0.3511291256514186,0.3315576143601621,0.31731325998841925,0.05280833815865663
inception,vp,39,0.0020000000949949026,0.3678,0.3886,0.2436,1.0,0.0564,0.3511291256514186,0.3315576143601621,0.31731325998841925,0.05280833815865663
inception,vp,40,0.0,0.3678,0.3886,0.2436,1.0,0.0564,0.3511291256514186,0.3315576143601621,0.31731325998841925,0.05280833815865663
inception,ve,0,80.0,0.0066,0.9766,0.0168,0.3908,0.0204,0.3511291256514186,0.3315576143601621,0.31731325998841925,0.05280833815865663
inception,ve,1,69.45094299316406,0.0092,0.9668,0.024,0.3962,0.0292,0.3511291256514186,0.3315576143601621,0.31731325998841925,0.05280833815865663
inception,ve,2,60.117393493652344,0.0096,0.9674,0.023,0.3934,0.035,0.3511291256514186,0.3315576143601621,0.31731325998841925,0.05280833815865663
inception,ve,3,51.88031768798828,0.0158,0.9636,0.0206,0.3958,0.0404,0.3511291256514186,0.3315576143601621,0.31731325998841925,0.05280833815865663
inception,ve,4,44.63020324707031,0.0864,0.8918,0.0218,0.4328,0.1862,0.3511291256514186,0.3315576143601621,0.31731325998841925,0.05280833815865663
inception,ve,5,38.26646041870117,0.0802,0.896,0.0238,0.4328,0.1728,0.3511291256514186,0.3315576143601621,0.31731325998841925,0.05280833815865663
inception,ve,6,32.6968879699707,0.1056,0.8754,0.019,0.442,0.2052,0.3511291256514186,0.3315576143601621,0.31731325998841925,0.05280833815865663
inception,ve,7,27.837114334106445,0.1068,0.8632,0.03,0.46,0.1814,0.3511291256514186,0.3315576143601621,0.31731325998841925,0.05280833815865663
inception,ve,8,23.61009407043457,0.1232,0.8424,0.0344,0.4798,0.1846,0.3511291256514186,0.3315576143601621,0.31731325998841925,0.05280833815865663
inception,ve,9,19.945627212524414,0.135,0.8292,0.0358,0.4922,0.1824,0.3511291256514186,0.3315576143601621,0.31731325998841925,0.05280833815865663
inception,ve,10,16.779890060424805,0.1362,0.8306,0.0332,0.5054,0.1836,0.3511291256514186,0.3315576143601621,0.31731325998841925,0.05280833815865663
inception,ve,11,14.054981231689453,0.159,0.8066,0.0344,0.5312,0.2036,0.3511291256514186,0.3315576143601621,0.31731325998841925,0.05280833815865663
inception,ve,12,11.718514442443848,0.1804,0.7898,0.0298,0.5596,0.1988,0.3511291256514186,0.3315576143601621,0.31731325998841925,0.05280833815865663
inception,ve,13,9.723201751708984,0.2038,0.7664,0.0298,0.587,0.1824,0.3511291256514186,0.3315576143601621,0.31731325998841925,0.05280833815865663
inception,ve,14,8.026479721069336,0.2414,0.7178,0.0408,0.6332,0.1694,0.3511291256514186,0.3315576143601621,0.31731325998841925,0.05280833815865663
inception,ve,15,6.59014368057251,0.2674,0.6698,0.0628,0.6898,0.1502,0.3511291256514186,0.3315576143601621,0.31731325998841925,0.05280833815865663
inception,ve,16,5.380004405975342,0.2874,0.6138,0.0988,0.756,0.1424,0.3511291256514186,0.3315576143601621,0.31731325998841925,0.05280833815865663
inception,ve,17,4.365561485290527,0.3148,0.5476,0.1376,0.8214,0.1248,0.3511291256514186,0.3315576143601621,0.31731325998841925,0.05280833815865663
inception,ve,18,3.5196988582611084,0.3398,0.4868,0.1734,0.8862,0.1058,0.3511291256514186,0.3315576143601621,0.31731325998841925,0.05280833815865663
inception,ve,19,2.818392515182495,0.3538,0.4492,0.197,0.925,0.0996,0.3511291256514186,0.3315576143601621,0.31731325998841925,0.05280833815865663
inception,ve,20,2.2404396533966064,0.3626,0.4232,0.2142,0.9532,0.0908,0.3511291256514186,0.3315576143601621,0.31731325998841925,0.05280833815865663
inception,ve,21,1.7672027349472046,0.3662,0.409,0.2248,0.969,0.0828,0.3511291256514186,0.3315576143601621,0.31731325998841925,0.05280833815865663
inception,ve,22,1.3823679685592651,0.3686,0.4026,0.2288,0.9754,0.077,0.3511291256514186,0.3315576143601621,0.31731325998841925,0.05280833815865663
inception,ve,23,1.0717219114303589,0.3712,0.3984,0.2304,0.9776,0.0732,0.3511291256514186,0.3315576143601621,0.31731325998841925,0.05280833815865663
inception,ve,24,0.8229413628578186,0.3712,0.3978,0.231,0.9792,0.0728,0.3511291256514186,0.3315576143601621,0.31731325998841925,0.05280833815865663
inception,ve,25,0.6253984570503235,0.3718,0.3952,0.233,0.9834,0.0696,0.3511291256514186,0.3315576143601621,0.31731325998841925,0.05280833815865663
inception,ve,26,0.46997904777526855,0.372,0.3934,0.2346,0.985,0.068,0.3511291256514186,0.3315576143601621,0.31731325998841925,0.05280833815865663
inception,ve,27,0.34891507029533386,0.3732,0.3908,0.236,0.9872,0.0686,0.3511291256514186,0.3315576143601621,0.31731325998841925,0.05280833815865663
inception,ve,28,0.2556295096874237,0.3736,0.3894,0.237,0.9888,0.0636,0.3511291256514186,0.3315576143601621,0.31731325998841925,0.05280833815865663
inception,ve,29,0.18459385633468628,0.3742,0.387,0.2388,0.9912,0.061,0.3511291256514186,0.3315576143601621,0.31731325998841925,0.05280833815865663
inception,ve,30,0.13119736313819885,0.3732,0.3866,0.2402,0.9936,0.0606,0.3511291256514186,0.3315576143601621,0.31731325998841925,0.05280833815865663
inception,ve,31,0.09162769466638565,0.373,0.3862,0.2408,0.9946,0.0598,0.3511291256514186,0.3315576143601621,0.31731325998841925,0.05280833815865663
inception,ve,32,0.06276240199804306,0.3736,0.3852,0.2412,0.996,0.0578,0.3511291256514186,0.3315576143601621,0.31731325998841925,0.05280833815865663
inception,ve,33,0.042070694267749786,0.3736,0.3848,0.2416,0.9972,0.0576,0.3511291256514186,0.3315576143601621,0.31731325998841925,0.05280833815865663
inception,ve,34,0.02752504125237465,0.373,0.3852,0.2418,0.9982,0.0568,0.3511291256514186,0.3315576143601621,0.31731325998841925,0.05280833815865663
inception,ve,35,0.017522037029266357,0.373,0.3854,0.2416,0.9984,0.0556,0.3511291256514186,0.3315576143601621,0.31731325998841925,0.05280833815865663
inception,ve,36,0.010812046937644482,0.3726,0.3856,0.2418,0.999,0.0552,0.3511291256514186,0.3315576143601621,0.31731325998841925,0.05280833815865663
inception,ve,37,0.006437113508582115,0.3724,0.3856,0.242,0.9994,0.056,0.3511291256514186,0.3315576143601621,0.31731325998841925,0.05280833815865663
inception,ve,38,0.003676589112728834,0.3722,0.3856,0.2422,0.9998,0.0564,0.3511291256514186,0.3315576143601621,0.31731325998841925,0.05280833815865663
inception,ve,39,0.0020000000949949026,0.372,0.3858,0.2422,1.0,0.0562,0.3511291256514186,0.3315576143601621,0.31731325998841925,0.05280833815865663
inception,ve,40,0.0,0.372,0.3858,0.2422,1.0,0.0562,0.3511291256514186,0.3315576143601621,0.31731325998841925,0.05280833815865663
