figure,row,trajectory_index,seed,step,sigma,generated_mode
trajectories_vp,wild,4,20270005,,,
trajectories_vp,cat,0,20270001,,,
trajectories_vp,dog,1,20270002,,,
prototypes_vp,wild,97,20270098,0,80.0,"[0.30789361895775974, -0.014685644170232824]"
prototypes_vp,wild,190,20270191,5,38.26646041870117,"[0.5940130521370842, 0.06885343694342998]"
prototypes_vp,wild,19,20270020,10,16.779890060424805,"[0.27941099521109364, -0.4876188988500125]"
prototypes_vp,wild,170,20270171,15,6.59014368057251,"[-1.0219341227962266, 0.5099312650921098]"
prototypes_vp,wild,45,20270046,20,2.2404396533966064,"[-1.4376526286845441, 0.3817798233737652]"
prototypes_vp,wild,192,20270193,25,0.6253984570503235,"[-1.4081308308617437, 0.08523894111032966]"
prototypes_vp,wild,47,20270048,30,0.13119736313819885,"[-1.4705376817422429, 0.24885466122291908]"
prototypes_vp,wild,4,20270005,35,0.017522037029266357,"[-1.4893925578134979, 0.3197629253363956]"
prototypes_vp,wild,141,20270142,40,0.0,"[-1.4690317360878067, 0.25009572915357414]"
prototypes_vp,cat,97,20270098,0,80.0,"[0.30789361895775974, -0.014685644170232824]"
prototypes_vp,cat,190,20270191,5,38.26646041870117,"[0.5940130521370842, 0.06885343694342998]"
prototypes_vp,cat,19,20270020,10,16.779890060424805,"[0.27941099521109364, -0.4876188988500125]"
prototypes_vp,cat,42,20270043,15,6.59014368057251,"[0.0081645467794527, -0.5541146053639905]"
prototypes_vp,cat,139,20270140,20,2.2404396533966064,"[0.04075286436301367, -1.1360222797683377]"
prototypes_vp,cat,78,20270079,25,0.6253984570503235,"[0.252475410884517, -1.4041780580893382]"
prototypes_vp,cat,40,20270041,30,0.13119736313819885,"[0.36001769561402636, -1.2995606961415658]"
prototypes_vp,cat,162,20270163,35,0.017522037029266357,"[0.3935230346910764, -1.2362637373153977]"
prototypes_vp,cat,162,20270163,40,0.0,"[0.3986032317147208, -1.2830797985401075]"
prototypes_vp,dog,97,20270098,0,80.0,"[0.30789361895775974, -0.014685644170232824]"
prototypes_vp,dog,190,20270191,5,38.26646041870117,"[0.5940130521370842, 0.06885343694342998]"
prototypes_vp,dog,190,20270191,10,16.779890060424805,"[0.4327619374738086, 0.38101657129274913]"
prototypes_vp,dog,177,20270178,15,6.59014368057251,"[0.3968713449002984, 0.9737335371463856]"
prototypes_vp,dog,129,20270130,20,2.2404396533966064,"[0.5663685285970343, 1.1670997429091419]"
prototypes_vp,dog,168,20270169,25,0.6253984570503235,"[0.7807976985461363, 0.7168137933303016]"
prototypes_vp,dog,29,20270030,30,0.13119736313819885,"[0.9326350745423824, 0.8555325473548963]"
prototypes_vp,dog,181,20270182,35,0.017522037029266357,"[0.992111761029196, 0.9858776643028755]"
prototypes_vp,dog,86,20270087,40,0.0,"[0.9829219634584542, 0.9351459658711831]"
trajectories_ve,wild,0,20270001,,,
trajectories_ve,cat,2,20270003,,,
trajectories_ve,dog,1,20270002,,,
prototypes_ve,wild,22,20270023,0,80.0,"[0.2674814987996576, -0.10916254468264869]"
prototypes_ve,wild,96,20270097,5,38.26646041870117,"[0.4661535718926896, -0.2173865066755647]"
prototypes_ve,wild,76,20270077,10,16.779890060424805,"[0.22640130540763373, -0.34237469983670027]"
prototypes_ve,wild,107,20270108,15,6.59014368057251,"[-1.0561808697761241, 0.5365863739353782]"
prototypes_ve,wild,198,20270199,20,2.2404396533966064,"[-1.4319267326509497, 0.4022176503022413]"
prototypes_ve,wild,4,20270005,25,0.6253984570503235,"[-1.3991195063081763, 0.07840220292573948]"
prototypes_ve,wild,170,20270171,30,0.13119736313819885,"[-1.4637430629909112, 0.24349944632602835]"
prototypes_ve,wild,4,20270005,35,0.017522037029266357,"[-1.4847201604688642, 0.31558333700976055]"
prototypes_ve,wild,198,20270199,40,0.0,"[-1.4625554855681846, 0.2424016445638554]"
prototypes_ve,cat,22,20270023,0,80.0,"[0.2674814987996576, -0.10916254468264869]"
prototypes_ve,cat,96,20270097,5,38.26646041870117,"[0.4661535718926896, -0.2173865066755647]"
prototypes_ve,cat,76,20270077,10,16.779890060424805,"[0.22640130540763373, -0.34237469983670027]"
prototypes_ve,cat,14,20270015,15,6.59014368057251,"[-0.0016480919957203364, -0.5598360874069923]"
prototypes_ve,cat,199,20270200,20,2.2404396533966064,"[0.03281064280084093, -1.09820929045853]"
prototypes_ve,cat,164,20270165,25,0.6253984570503235,"[0.25314160328221047, -1.3997620824064763]"
prototypes_ve,cat,9,20270010,30,0.13119736313819885,"[0.3567627207978942, -1.297652393782951]"
prototypes_ve,cat,48,20270049,35,0.017522037029266357,"[0.39325797895088105, -1.2343226633568587]"
prototypes_ve,cat,48,20270049,40,0.0,"[0.395742760856044, -1.2786255718574155]"
prototypes_ve,dog,22,20270023,0,80.0,"[0.2674814987996576, -0.10916254468264869]"
prototypes_ve,dog,96,20270097,5,38.26646041870117,"[0.4661535718926896, -0.2173865066755647]"
prototypes_ve,dog,76,20270077,10,16.779890060424805,"[0.22640130540763373, -0.34237469983670027]"
prototypes_ve,dog,151,20270152,15,6.59014368057251,"[0.3599975878846484, 0.99903247848138]"
prototypes_ve,dog,54,20270055,20,2.2404396533966064,"[0.5467007509874304, 1.1629392143506054]"
prototypes_ve,dog,86,20270087,25,0.6253984570503235,"[0.7664903923184, 0.6903048866105501]"
prototypes_ve,dog,38,20270039,30,0.13119736313819885,"[0.9174906684393629, 0.8259056488180022]"
prototypes_ve,dog,90,20270091,35,0.017522037029266357,"[0.9805200085109671, 0.9608418888377809]"
prototypes_ve,dog,179,20270180,40,0.0,"[0.9727896904244434, 0.9074767027333513]"
