encoder,d,model,step,sigma,K_gen,K_ref,disp_wild,disp_cat,disp_dog
clip,2,vp,0,80.0,1,3,,,
clip,2,vp,1,69.45094299316406,1,3,,,
clip,2,vp,2,60.117393493652344,1,3,,,
clip,2,vp,3,51.88031768798828,1,3,,,
clip,2,vp,4,44.63020324707031,1,3,,,
clip,2,vp,5,38.26646041870117,1,3,,,
clip,2,vp,6,32.6968879699707,1,3,,,
clip,2,vp,7,27.837114334106445,1,3,,,
clip,2,vp,8,23.61009407043457,1,3,,,
clip,2,vp,9,19.945627212524414,1,3,,,
clip,2,vp,10,16.779890060424805,2,3,,,
clip,2,vp,11,14.054981231689453,2,3,,,
clip,2,vp,12,11.718514442443848,2,3,,,
clip,2,vp,13,9.723201751708984,2,3,,,
clip,2,vp,14,8.026479721069336,2,3,,,
clip,2,vp,15,6.59014368057251,3,3,0.5376698981398158,0.7859191789415643,0.5719841729340146
clip,2,vp,16,5.380004405975342,3,3,0.4112960911814255,0.7371924210247841,0.548619112024655
clip,2,vp,17,4.365561485290527,3,3,0.3510389830217209,0.6721460083287998,0.5359762425018061
clip,2,vp,18,3.5196988582611084,3,3,0.31472433043413556,0.5748890670663823,0.5245252887960122
clip,2,vp,19,2.818392515182495,3,3,0.25013944197820515,0.4627540369180091,0.5039160718818221
clip,2,vp,20,2.2404396533966064,3,3,0.13955463895011033,0.35898385901672997,0.4569942694512833
clip,2,vp,21,1.7672027349472046,3,3,0.06554219121580913,0.2986075481854228,0.3850689074475147
clip,2,vp,22,1.3823679685592651,3,3,0.13319313270431646,0.26863329309600364,0.3210129780729387
clip,2,vp,23,1.0717219114303589,3,3,0.18062665538912362,0.24814630310080873,0.3019150923822464
clip,2,vp,24,0.8229413628578186,3,3,0.19630055724355241,0.22853581911174015,0.30733475569876867
clip,2,vp,25,0.6253984570503235,3,3,0.19039315473042046,0.2057225541930452,0.2990350314967148
clip,2,vp,26,0.46997904777526855,3,3,0.16367838490003656,0.18044927832514604,0.2782975699985191
clip,2,vp,27,0.34891507029533386,3,3,0.13060836893416594,0.1513826176060818,0.24562889198721136
clip,2,vp,28,0.2556295096874237,3,3,0.09361214348132137,0.1225417683832194,0.20155427438323198
clip,2,vp,29,0.18459385633468628,3,3,0.05814526885124254,0.0899708143898475,0.15342783191230572
clip,2,vp,30,0.13119736313819885,3,3,0.025236419666544913,0.059126439855538636,0.10073256123726526
clip,2,vp,31,0.09162769466638565,3,3,0.03198136400088876,0.030299763050813847,0.05124437240481113
clip,2,vp,32,0.06276240199804306,3,3,0.05444650207536245,0.008248875470823484,0.010740960060887983
clip,2,vp,33,0.042070694267749786,3,3,0.07111289462245397,0.0070119027444592915,0.022938102872411856
clip,2,vp,34,0.02752504125237465,3,3,0.0739214464802451,0.013938212410432702,0.041305089165230464
clip,2,vp,35,0.017522037029266357,3,3,0.06541078591226762,0.013833062782112554,0.043265340989648494
clip,2,vp,36,0.010812046937644482,3,3,0.047817711055731627,0.013393909113483224,0.035697386148345105
clip,2,vp,37,0.006437113508582115,3,3,0.03180020076565624,0.02146461417096521,0.025033495432842542
clip,2,vp,38,0.003676589112728834,3,3,0.024603974465076322,0.032161604600443996,0.018329436026797943
clip,2,vp,39,0.0020000000949949026,3,3,0.026465688953897004,0.04123176207983803,0.020609532976830384
clip,2,vp,40,0.0,3,3,0.026465628710871252,0.041231956205544894,0.02060893179033823
clip,2,ve,0,80.0,1,3,,,
clip,2,ve,1,69.45094299316406,1,3,,,
clip,2,ve,2,60.117393493652344,1,3,,,
clip,2,ve,3,51.88031768798828,1,3,,,
clip,2,ve,4,44.63020324707031,1,3,,,
clip,2,ve,5,38.26646041870117,1,3,,,
clip,2,ve,6,32.6968879699707,1,3,,,
clip,2,ve,7,27.837114334106445,1,3,,,
clip,2,ve,8,23.61009407043457,1,3,,,
clip,2,ve,9,19.945627212524414,1,3,,,
clip,2,ve,10,16.779890060424805,1,3,,,
clip,2,ve,11,14.054981231689453,2,3,,,
clip,2,ve,12,11.718514442443848,2,3,,,
clip,2,ve,13,9.723201751708984,2,3,,,
clip,2,ve,14,8.026479721069336,2,3,,,
clip,2,ve,15,6.59014368057251,3,3,0.5217033238307837,0.7856490786422,0.6103489381228323
clip,2,ve,16,5.380004405975342,3,3,0.40582698510520504,0.7358284383157621,0.5791879570308133
clip,2,ve,17,4.365561485290527,3,3,0.3632253430798265,0.6845436932663925,0.5632901047359652
clip,2,ve,18,3.5196988582611084,3,3,0.3368247720674077,0.6009764324301096,0.5496916969234305
clip,2,ve,19,2.818392515182495,3,3,0.2651196377935904,0.48891280633121786,0.5185730358602326
clip,2,ve,20,2.2404396533966064,3,3,0.1605691147223215,0.379521917816418,0.47249474444528666
clip,2,ve,21,1.7672027349472046,3,3,0.06771527491787674,0.2976908502504677,0.39832591216675534
clip,2,ve,22,1.3823679685592651,3,3,0.13831574215672884,0.2637571055403244,0.3382839883398515
clip,2,ve,23,1.0717219114303589,3,3,0.19136602795822458,0.24180744263817783,0.3186818315783511
clip,2,ve,24,0.8229413628578186,3,3,0.21117194247090712,0.22303799528141355,0.3285902353989984
clip,2,ve,25,0.6253984570503235,3,3,0.2006511834631003,0.2018965256812114,0.32870101467672447
clip,2,ve,26,0.46997904777526855,3,3,0.17468345862573295,0.17661854663371163,0.309382363127608
clip,2,ve,27,0.34891507029533386,3,3,0.14143214403788262,0.14984273182356458,0.27736556565988174
clip,2,ve,28,0.2556295096874237,3,3,0.10481529725339318,0.12163217438622109,0.23949405020157125
clip,2,ve,29,0.18459385633468628,3,3,0.066859918247351,0.09057419946385392,0.18763568091719254
clip,2,ve,30,0.13119736313819885,3,3,0.03327483437856821,0.05873853794988084,0.13385424850628416
clip,2,ve,31,0.09162769466638565,3,3,0.030280152912304178,0.0307086220470686,0.08288166163354276
clip,2,ve,32,0.06276240199804306,3,3,0.05159816522723315,0.0074669567405838315,0.03784753554675478
clip,2,ve,33,0.042070694267749786,3,3,0.0674314258036502,0.009261609003466998,0.005762745090607209
clip,2,ve,34,0.02752504125237465,3,3,0.06967874980007348,0.01614525726455985,0.01369953087056724
clip,2,ve,35,0.017522037029266357,3,3,0.061859680494065795,0.014947021856411488,0.016485148362446543
clip,2,ve,36,0.010812046937644482,3,3,0.04625724936352355,0.013847050193360971,0.01300836866309564
clip,2,ve,37,0.006437113508582115,3,3,0.032128619013530126,0.01951477194229074,0.01913374090090667
clip,2,ve,38,0.003676589112728834,3,3,0.029854478952947915,0.02779422238935503,0.031327242020028186
clip,2,ve,39,0.0020000000949949026,3,3,0.03476675708658975,0.03603339968608808,0.04247744334561646
clip,2,ve,40,0.0,3,3,0.03476652711162791,0.036033554315083496,0.04247650261853222
clip,3,vp,0,80.0,1,3,,,
clip,3,vp,1,69.45094299316406,1,3,,,
clip,3,vp,2,60.117393493652344,1,3,,,
clip,3,vp,3,51.88031768798828,1,3,,,
clip,3,vp,4,44.63020324707031,1,3,,,
clip,3,vp,5,38.26646041870117,1,3,,,
clip,3,vp,6,32.6968879699707,1,3,,,
clip,3,vp,7,27.837114334106445,1,3,,,
clip,3,vp,8,23.61009407043457,2,3,,,
clip,3,vp,9,19.945627212524414,2,3,,,
clip,3,vp,10,16.779890060424805,2,3,,,
clip,3,vp,11,14.054981231689453,2,3,,,
clip,3,vp,12,11.718514442443848,2,3,,,
clip,3,vp,13,9.723201751708984,2,3,,,
clip,3,vp,14,8.026479721069336,2,3,,,
clip,3,vp,15,6.59014368057251,3,3,0.8544804381650539,1.0352649914160572,0.7661821383220895
clip,3,vp,16,5.380004405975342,3,3,0.8046320382721839,1.060114165384762,0.7421134230594671
clip,3,vp,17,4.365561485290527,3,3,0.7491751801995411,1.0442096611294047,0.7309157366565259
clip,3,vp,18,3.5196988582611084,3,3,0.7019027965214459,0.9302543111304129,0.6992878380846477
clip,3,vp,19,2.818392515182495,3,3,0.5822512733402272,0.7232635776186899,0.6463582097903809
clip,3,vp,20,2.2404396533966064,3,3,0.40858003497184386,0.5915355351287346,0.5524506104999176
clip,3,vp,21,1.7672027349472046,3,3,0.5923199413163828,1.0332986617647641,0.41852160549323825
clip,3,vp,22,1.3823679685592651,3,3,0.9459524961874788,1.1103014155903308,0.6929486511527971
clip,3,vp,23,1.0717219114303589,3,3,1.0182540731073515,1.0332101375216092,0.9499735356947614
clip,3,vp,24,0.8229413628578186,3,3,1.0898263268253836,0.9362905164675408,1.0651783814554465
clip,3,vp,25,0.6253984570503235,3,3,1.0307119369535593,0.824022958623137,1.1101516353446694
clip,3,vp,26,0.46997904777526855,3,3,0.9451170458533311,0.6985490816776646,1.0836040925347032
clip,3,vp,27,0.34891507029533386,3,3,0.7659401505358782,0.5776755994577191,1.012248730377058
clip,3,vp,28,0.2556295096874237,3,3,0.5229940823220298,0.4656097846933816,0.9039825115421349
clip,3,vp,29,0.18459385633468628,3,3,0.38656192264279743,0.3269904981641949,0.7279906116093501
clip,3,vp,30,0.13119736313819885,3,3,0.14158788691135024,0.21389139624010986,0.5560056493441886
clip,3,vp,31,0.09162769466638565,3,3,0.045792542201432404,0.11198220847120251,0.3856720243449681
clip,3,vp,32,0.06276240199804306,3,3,0.13541604775412341,0.023505718791137335,0.20822245666103395
clip,3,vp,33,0.042070694267749786,3,3,0.19904712649898876,0.0517823338305152,0.1024388194206146
clip,3,vp,34,0.02752504125237465,3,3,0.21274507069916185,0.09447085677467744,0.05790366806198607
clip,3,vp,35,0.017522037029266357,3,3,0.23105657295621054,0.0818562102113302,0.08311739395805287
clip,3,vp,36,0.010812046937644482,3,3,0.18507754344845428,0.06229422844054537,0.08870444470445771
clip,3,vp,37,0.006437113508582115,3,3,0.15405014134643527,0.040307537109559574,0.06505647208883059
clip,3,vp,38,0.003676589112728834,3,3,0.09713902279256581,0.026917781703482378,0.02795888792495846
clip,3,vp,39,0.0020000000949949026,3,3,0.059278112300338776,0.04131002972475393,0.020496018744464016
clip,3,vp,40,0.0,3,3,0.05927293149568351,0.04131015167843782,0.020498936314344504
clip,3,ve,0,80.0,1,3,,,
clip,3,ve,1,69.45094299316406,1,3,,,
clip,3,ve,2,60.117393493652344,1,3,,,
clip,3,ve,3,51.88031768798828,1,3,,,
clip,3,ve,4,44.63020324707031,1,3,,,
clip,3,ve,5,38.26646041870117,1,3,,,
clip,3,ve,6,32.6968879699707,1,3,,,
clip,3,ve,7,27.837114334106445,1,3,,,
clip,3,ve,8,23.61009407043457,1,3,,,
clip,3,ve,9,19.945627212524414,1,3,,,
clip,3,ve,10,16.779890060424805,2,3,,,
clip,3,ve,11,14.054981231689453,2,3,,,
clip,3,ve,12,11.718514442443848,2,3,,,
clip,3,ve,13,9.723201751708984,2,3,,,
clip,3,ve,14,8.026479721069336,2,3,,,
clip,3,ve,15,6.59014368057251,3,3,0.8466612531623433,1.0611566538345623,0.819966889041035
clip,3,ve,16,5.380004405975342,3,3,0.747710093538702,1.0626704895324934,0.7867036859773696
clip,3,ve,17,4.365561485290527,3,3,0.7042154729808443,1.0412918305355994,0.7473764543752629
clip,3,ve,18,3.5196988582611084,3,3,0.7232247475029481,0.9765978281319624,0.7350082017148616
clip,3,ve,19,2.818392515182495,3,3,0.6051815103801298,0.7786104416989258,0.6583908964525129
clip,3,ve,20,2.2404396533966064,3,3,0.4647539883027397,0.42811727573695096,0.5588157493396031
clip,3,ve,21,1.7672027349472046,3,3,0.2777835760649093,0.9478657812346101,0.4294005559396521
clip,3,ve,22,1.3823679685592651,3,3,0.995524707986002,1.0816525299416149,0.6342628526015607
clip,3,ve,23,1.0717219114303589,3,3,1.1000319406709702,1.0246983740488194,0.9373321590722514
clip,3,ve,24,0.8229413628578186,3,3,1.2082128005550736,0.9788134507699844,1.0889915197025473
clip,3,ve,25,0.6253984570503235,3,3,1.2415914037533402,0.8739003168163667,1.1368905568444703
clip,3,ve,26,0.46997904777526855,3,3,1.2192677289163887,0.7311554401943822,1.1216246670818197
clip,3,ve,27,0.34891507029533386,3,3,1.124352101747393,0.584510167427621,1.0692652423596287
clip,3,ve,28,0.2556295096874237,3,3,0.8142575355183074,0.46173889203630436,0.9683120642424654
clip,3,ve,29,0.18459385633468628,3,3,0.6492459064655076,0.33409201592387794,0.8709888305986418
clip,3,ve,30,0.13119736313819885,3,3,0.31822829604740693,0.2381523931771971,0.6981961007106986
clip,3,ve,31,0.09162769466638565,3,3,0.13437694700165906,0.15852893300353652,0.5346788118964577
clip,3,ve,32,0.06276240199804306,3,3,0.06695399308002808,0.07732408088448581,0.379985232603643
clip,3,ve,33,0.042070694267749786,3,3,0.1320568005084678,0.020924469801374725,0.2588550279057304
clip,3,ve,34,0.02752504125237465,3,3,0.12160532639169692,0.01732077271770999,0.15485077035708697
clip,3,ve,35,0.017522037029266357,3,3,0.09987576719213369,0.016797536894206964,0.09573660271056784
clip,3,ve,36,0.010812046937644482,3,3,0.05578443138900128,0.014176827510941774,0.07108794860553094
clip,3,ve,37,0.006437113508582115,3,3,0.09435181322319877,0.05458349283307958,0.09323100731768474
clip,3,ve,38,0.003676589112728834,3,3,0.1357290354371618,0.07351615144282943,0.1251555402535735
clip,3,ve,39,0.0020000000949949026,3,3,0.18384035669722623,0.07475370287592513,0.14138624988115986
clip,3,ve,40,0.0,3,3,0.18383506523576046,0.07475368364251928,0.14138037702395695
inception,2,vp,0,80.0,1,3,,,
inception,2,vp,1,69.45094299316406,1,3,,,
inception,2,vp,2,60.117393493652344,1,3,,,
inception,2,vp,3,51.88031768798828,1,3,,,
inception,2,vp,4,44.63020324707031,1,3,,,
inception,2,vp,5,38.26646041870117,1,3,,,
inception,2,vp,6,32.6968879699707,1,3,,,
inception,2,vp,7,27.837114334106445,1,3,,,
inception,2,vp,8,23.61009407043457,1,3,,,
inception,2,vp,9,19.945627212524414,1,3,,,
inception,2,vp,10,16.779890060424805,1,3,,,
inception,2,vp,11,14.054981231689453,1,3,,,
inception,2,vp,12,11.718514442443848,1,3,,,
inception,2,vp,13,9.723201751708984,1,3,,,
inception,2,vp,14,8.026479721069336,2,3,,,
inception,2,vp,15,6.59014368057251,2,3,,,
inception,2,vp,16,5.380004405975342,2,3,,,
inception,2,vp,17,4.365561485290527,2,3,,,
inception,2,vp,18,3.5196988582611084,2,3,,,
inception,2,vp,19,2.818392515182495,3,3,0.4611561103911891,0.2158754442802253,0.3512634743771118
inception,2,vp,20,2.2404396533966064,3,3,0.39350573282108536,0.18621609915470477,0.37942550421605964
inception,2,vp,21,1.7672027349472046,3,3,0.3497513678929625,0.16441841660481524,0.3922563359633236
inception,2,vp,22,1.3823679685592651,3,3,0.3125161852429695,0.15518377961848126,0.3973145342302068
inception,2,vp,23,1.0717219114303589,3,3,0.2912485139282137,0.1537145189631014,0.3955508990444794
inception,2,vp,24,0.8229413628578186,3,3,0.26246329028909776,0.15371855862452274,0.38533623857626015
inception,2,vp,25,0.6253984570503235,3,3,0.23157406702851632,0.14797452696002225,0.37232185747187435
inception,2,vp,26,0.46997904777526855,3,3,0.202477546856274,0.13702267269335555,0.3536243796464059
inception,2,vp,27,0.34891507029533386,3,3,0.17507957678109076,0.1204176534078305,0.3352790494322325
inception,2,vp,28,0.2556295096874237,3,3,0.14892560192789767,0.10040846416369088,0.318599483865069
inception,2,vp,29,0.18459385633468628,3,3,0.12425462663545798,0.08144475462985232,0.2990196448482
inception,2,vp,30,0.13119736313819885,3,3,0.1014653713076809,0.06648075033438863,0.27021624845286596
inception,2,vp,31,0.09162769466638565,3,3,0.08468164421521705,0.06135001828346931,0.24490993231863273
inception,2,vp,32,0.06276240199804306,3,3,0.07179713114066838,0.058712133787034826,0.2294741299304831
inception,2,vp,33,0.042070694267749786,3,3,0.06075588834184873,0.05592564234705843,0.21876932941145752
inception,2,vp,34,0.02752504125237465,3,3,0.051193914171879844,0.05178036074193447,0.21086415010162643
inception,2,vp,35,0.017522037029266357,3,3,0.04425716015425781,0.04777791313549135,0.20480101373052798
inception,2,vp,36,0.010812046937644482,3,3,0.038467105830515234,0.04565465322847061,0.20028800079720568
inception,2,vp,37,0.006437113508582115,3,3,0.03514343956874326,0.04323041127840637,0.19686570289337804
inception,2,vp,38,0.003676589112728834,3,3,0.03325624960783841,0.04067207152225326,0.19535805946174298
inception,2,vp,39,0.0020000000949949026,3,3,0.03240181072786511,0.03930300391577866,0.19297211382514382
inception,2,vp,40,0.0,3,3,0.0324018149416218,0.03930435517287057,0.19297222572167588
inception,2,ve,0,80.0,1,3,,,
inception,2,ve,1,69.45094299316406,1,3,,,
inception,2,ve,2,60.117393493652344,1,3,,,
inception,2,ve,3,51.88031768798828,1,3,,,
inception,2,ve,4,44.63020324707031,1,3,,,
inception,2,ve,5,38.26646041870117,1,3,,,
inception,2,ve,6,32.6968879699707,1,3,,,
inception,2,ve,7,27.837114334106445,1,3,,,
inception,2,ve,8,23.61009407043457,1,3,,,
inception,2,ve,9,19.945627212524414,1,3,,,
inception,2,ve,10,16.779890060424805,1,3,,,
inception,2,ve,11,14.054981231689453,1,3,,,
inception,2,ve,12,11.718514442443848,1,3,,,
inception,2,ve,13,9.723201751708984,1,3,,,
inception,2,ve,14,8.026479721069336,1,3,,,
inception,2,ve,15,6.59014368057251,2,3,,,
inception,2,ve,16,5.380004405975342,2,3,,,
inception,2,ve,17,4.365561485290527,2,3,,,
inception,2,ve,18,3.5196988582611084,2,3,,,
inception,2,ve,19,2.818392515182495,3,3,0.531463946598953,0.23920240215409078,0.3394631688220256
inception,2,ve,20,2.2404396533966064,3,3,0.42821072603920207,0.22004217982941562,0.3636619123985334
inception,2,ve,21,1.7672027349472046,3,3,0.38014911861193473,0.2073766488391597,0.3660142875493427
inception,2,ve,22,1.3823679685592651,3,3,0.350410189928207,0.2077100461029121,0.38078586697416994
inception,2,ve,23,1.0717219114303589,3,3,0.3208027059562279,0.2027626732324723,0.3895775269730709
inception,2,ve,24,0.8229413628578186,3,3,0.2957508305893286,0.20358797947563384,0.39480100410777036
inception,2,ve,25,0.6253984570503235,3,3,0.2651288945307634,0.20046684738008919,0.39136811051845627
inception,2,ve,26,0.46997904777526855,3,3,0.2349600045678077,0.18424175856277772,0.3867083385979921
inception,2,ve,27,0.34891507029533386,3,3,0.20291689001175287,0.16517137220392894,0.37451353891603933
inception,2,ve,28,0.2556295096874237,3,3,0.17298799940139156,0.14514974188480598,0.36117373043644346
inception,2,ve,29,0.18459385633468628,3,3,0.1484812143984847,0.12385175033811145,0.34634979698038704
inception,2,ve,30,0.13119736313819885,3,3,0.1281732052149518,0.10610665722929598,0.3294615651039322
inception,2,ve,31,0.09162769466638565,3,3,0.11089552935532988,0.08834181618216581,0.3130981020973038
inception,2,ve,32,0.06276240199804306,3,3,0.09528258830875395,0.07326906332924382,0.2986645522771516
inception,2,ve,33,0.042070694267749786,3,3,0.08386135537347385,0.06220430904241893,0.2868310167822395
inception,2,ve,34,0.02752504125237465,3,3,0.07497699688310902,0.05255768376454958,0.2813072562834996
inception,2,ve,35,0.017522037029266357,3,3,0.06785820776565489,0.04576759393668225,0.27510101577573043
inception,2,ve,36,0.010812046937644482,3,3,0.062408417912030084,0.04248922824978624,0.2713213905102141
inception,2,ve,37,0.006437113508582115,3,3,0.05874777586454825,0.0421651828097516,0.26667268810037903
inception,2,ve,38,0.003676589112728834,3,3,0.05670277032743122,0.04337596574602039,0.26309574760469556
inception,2,ve,39,0.0020000000949949026,3,3,0.0557244152697261,0.043921890511391344,0.26189441761235094
inception,2,ve,40,0.0,3,3,0.05572368751604299,0.04392188563699018,0.26189653770074856
inception,3,vp,0,80.0,1,5,,,
inception,3,vp,1,69.45094299316406,1,5,,,
inception,3,vp,2,60.117393493652344,1,5,,,
inception,3,vp,3,51.88031768798828,1,5,,,
inception,3,vp,4,44.63020324707031,1,5,,,
inception,3,vp,5,38.26646041870117,1,5,,,
inception,3,vp,6,32.6968879699707,1,5,,,
inception,3,vp,7,27.837114334106445,1,5,,,
inception,3,vp,8,23.61009407043457,1,5,,,
inception,3,vp,9,19.945627212524414,1,5,,,
inception,3,vp,10,16.779890060424805,1,5,,,
inception,3,vp,11,14.054981231689453,1,5,,,
inception,3,vp,12,11.718514442443848,1,5,,,
inception,3,vp,13,9.723201751708984,1,5,,,
inception,3,vp,14,8.026479721069336,2,5,,,
inception,3,vp,15,6.59014368057251,2,5,,,
inception,3,vp,16,5.380004405975342,3,5,,,
inception,3,vp,17,4.365561485290527,4,5,,,
inception,3,vp,18,3.5196988582611084,4,5,,,
inception,3,vp,19,2.818392515182495,4,5,,,
inception,3,vp,20,2.2404396533966064,4,5,,,
inception,3,vp,21,1.7672027349472046,4,5,,,
inception,3,vp,22,1.3823679685592651,4,5,,,
inception,3,vp,23,1.0717219114303589,4,5,,,
inception,3,vp,24,0.8229413628578186,4,5,,,
inception,3,vp,25,0.6253984570503235,4,5,,,
inception,3,vp,26,0.46997904777526855,4,5,,,
inception,3,vp,27,0.34891507029533386,4,5,,,
inception,3,vp,28,0.2556295096874237,5,5,0.33670523763995386,0.09513576479805422,0.3073079270179622
inception,3,vp,29,0.18459385633468628,5,5,0.24401083507331517,0.07851362622277744,0.2878282650765315
inception,3,vp,30,0.13119736313819885,5,5,0.19780112414003326,0.06632479957166411,0.25980174870637324
inception,3,vp,31,0.09162769466638565,5,5,0.1677662309283189,0.06248896081489102,0.23570447580168521
inception,3,vp,32,0.06276240199804306,5,5,0.1552839318671653,0.06102282708789188,0.21998459230545767
inception,3,vp,33,0.042070694267749786,5,5,0.15158741384897192,0.05918421165952304,0.20828104844686848
inception,3,vp,34,0.02752504125237465,5,5,0.15325066508485546,0.05581993568498707,0.2006951447091107
inception,3,vp,35,0.017522037029266357,5,5,0.1560644289352234,0.05233095218110039,0.19407143702749527
inception,3,vp,36,0.010812046937644482,5,5,0.1533237817107591,0.05062279702665846,0.18930347464072408
inception,3,vp,37,0.006437113508582115,5,5,0.15245491185752202,0.04856292208813649,0.1859006373903784
inception,3,vp,38,0.003676589112728834,5,5,0.1513842443929352,0.046303292937591764,0.18359778175388905
inception,3,vp,39,0.0020000000949949026,5,5,0.1517589655600691,0.045155795217719105,0.1810101992248749
inception,3,vp,40,0.0,5,5,0.151758738773237,0.04515706620658262,0.18101039665304194
inception,3,ve,0,80.0,1,5,,,
inception,3,ve,1,69.45094299316406,1,5,,,
inception,3,ve,2,60.117393493652344,1,5,,,
inception,3,ve,3,51.88031768798828,1,5,,,
inception,3,ve,4,44.63020324707031,1,5,,,
inception,3,ve,5,38.26646041870117,1,5,,,
inception,3,ve,6,32.6968879699707,1,5,,,
inception,3,ve,7,27.837114334106445,1,5,,,
inception,3,ve,8,23.61009407043457,1,5,,,
inception,3,ve,9,19.945627212524414,1,5,,,
inception,3,ve,10,16.779890060424805,1,5,,,
inception,3,ve,11,14.054981231689453,1,5,,,
inception,3,ve,12,11.718514442443848,1,5,,,
inception,3,ve,13,9.723201751708984,1,5,,,
inception,3,ve,14,8.026479721069336,1,5,,,
inception,3,ve,15,6.59014368057251,3,5,,,
inception,3,ve,16,5.380004405975342,3,5,,,
inception,3,ve,17,4.365561485290527,4,5,,,
inception,3,ve,18,3.5196988582611084,4,5,,,
inception,3,ve,19,2.818392515182495,4,5,,,
inception,3,ve,20,2.2404396533966064,4,5,,,
inception,3,ve,21,1.7672027349472046,4,5,,,
inception,3,ve,22,1.3823679685592651,4,5,,,
inception,3,ve,23,1.0717219114303589,4,5,,,
inception,3,ve,24,0.8229413628578186,4,5,,,
inception,3,ve,25,0.6253984570503235,4,5,,,
inception,3,ve,26,0.46997904777526855,4,5,,,
inception,3,ve,27,0.34891507029533386,5,5,0.3209211006881104,0.15109057717458457,0.36589173369290584
inception,3,ve,28,0.2556295096874237,5,5,0.23205732308443405,0.1317297356820314,0.3532838064131678
inception,3,ve,29,0.18459385633468628,5,5,0.18663294899532906,0.11145016502920058,0.3377233758132713
inception,3,ve,30,0.13119736313819885,5,5,0.16062961001175868,0.09437527145375135,0.3190779146762574
inception,3,ve,31,0.09162769466638565,5,5,0.14300810018654567,0.07764548191799966,0.30181481122324433
inception,3,ve,32,0.06276240199804306,5,5,0.12754795237383418,0.0637927241936819,0.28773017729239464
inception,3,ve,33,0.042070694267749786,5,5,0.1209383134883107,0.05412048812113214,0.2758067953412539
inception,3,ve,34,0.02752504125237465,5,5,0.12128961279107194,0.04559139398976883,0.2699560690682708
inception,3,ve,35,0.017522037029266357,5,5,0.12109295135118331,0.039392622558239505,0.2644063496368842
inception,3,ve,36,0.010812046937644482,5,5,0.12156075533275135,0.03593824031765112,0.2604288004569244
inception,3,ve,37,0.006437113508582115,5,5,0.12043146964962391,0.034765059169449705,0.2559676942270361
inception,3,ve,38,0.003676589112728834,5,5,0.11897987976555183,0.03512575065679751,0.2526634636684564
inception,3,ve,39,0.0020000000949949026,5,5,0.11869903879780473,0.03504439223451166,0.25128438207975906
inception,3,ve,40,0.0,5,5,0.11869881135354594,0.03504433685817622,0.2512865852278563
