step,sigma,d2_vp,d2_ve,d3_vp,d3_ve,d4_vp,d4_ve,d5_vp,d5_ve,d6_vp,d6_ve,d7_vp,d7_ve,d8_vp,d8_ve
0,80.0,-,-,-,-,-,-,-,-,-,-,-,-,-,-
1,69.45094299316406,-,-,-,-,-,-,-,-,-,-,-,-,-,-
2,60.117393493652344,-,-,-,-,-,-,-,-,-,-,-,-,-,-
3,51.88031768798828,-,-,-,-,-,-,-,-,-,-,-,-,-,-
4,44.63020324707031,-,-,-,-,-,-,-,-,-,-,-,-,-,-
5,38.26646041870117,-,-,-,-,-,-,-,-,-,-,-,-,-,-
6,32.6968879699707,-,-,-,-,-,-,-,-,-,-,-,-,-,-
7,27.837114334106445,-,-,-,-,-,-,-,-,-,-,-,-,-,-
8,23.61009407043457,-,-,-,-,-,-,-,-,-,-,-,-,-,-
9,19.945627212524414,-,-,-,-,-,-,-,-,-,-,-,-,-,-
10,16.779890060424805,-,-,-,-,-,-,-,-,-,-,-,-,-,-
11,14.054981231689453,-,-,-,-,-,-,-,-,-,-,-,-,-,-
12,11.718514442443848,-,-,-,-,-,-,-,-,-,-,-,-,-,-
13,9.723201751708984,-,-,-,-,-,-,-,-,-,-,-,-,-,-
14,8.026479721069336,-,-,-,-,-,-,-,-,-,-,-,-,-,-
15,6.59014368057251,-,-,-,-,-,-,-,-,-,-,-,-,-,-
16,5.380004405975342,-,-,-,-,-,-,-,-,-,-,-,-,-,-
17,4.365561485290527,-,-,-,-,-,-,-,-,-,-,-,-,-,-
18,3.5196988582611084,-,-,-,-,-,-,-,-,-,-,-,-,-,-
19,2.818392515182495,C,C,-,-,-,-,C,-,-,-,-,-,-,-
20,2.2404396533966064,C,C,-,-,-,-,C,C,-,-,-,-,C,-
21,1.7672027349472046,C,C,-,-,C,-,C,C,-,-,C,-,C,-
22,1.3823679685592651,C,C,-,-,C,C,C,C,-,-,C,C,-,-
23,1.0717219114303589,C,C,-,-,C,C,C,C,-,-,C,C,C,C
24,0.8229413628578186,C,C,-,-,C,C,C,C,-,-,C,C,C,C
25,0.6253984570503235,C,C,-,-,C,C,C,C,-,-,C,C,C,C
26,0.46997904777526855,C,C,-,-,I,I,C,C,-,-,C,C,C,C
27,0.34891507029533386,C,C,-,I,I,I,I,C,-,-,C,C,C,C
28,0.2556295096874237,I,C,I,I,I,I,I,I,-,-,I,C,I,C
29,0.18459385633468628,I,C,I,I,I,I,I,I,C,-,C,C,I,C
30,0.13119736313819885,I,I,I,I,I,I,I,I,-,I,I,C,-,I
31,0.09162769466638565,I,I,E,E,I,I,I,I,I,C,I,C,-,I
32,0.06276240199804306,I,I,E,E,I,I,I,I,I,I,I,I,-,I
33,0.042070694267749786,I,I,E,E,I,I,I,I,I,I,I,I,-,I
34,0.02752504125237465,I,I,E,E,I,I,I,I,I,I,I,I,-,I
35,0.017522037029266357,E,I,E,E,I,I,I,I,I,I,I,I,-,I
36,0.010812046937644482,E,I,E,E,I,I,I,I,I,I,I,I,-,I
37,0.006437113508582115,E,I,E,E,I,I,I,I,I,I,I,I,-,I
38,0.003676589112728834,E,I,E,E,I,I,I,I,I,I,I,I,-,I
39,0.0020000000949949026,E,I,E,E,I,I,I,I,I,I,I,I,-,I
40,0.0,E,I,E,E,I,I,I,I,I,I,I,I,-,I
