n,family,lam,D,D_A_population,K
400,t5,0.0,0.0,0.0,5
400,t5,0.25,0.0,9.551410984968022e-12,5
400,t5,0.5,0.0,6.891579650069237e-11,5
400,t5,0.75,0.0,2.6875636289667383e-10,5
400,t5,1.0,0.0,1.082989663106365e-10,5
400,t5,1.0,0.04,0.040000000001451264,5
400,t5,1.0,0.08,0.0800000003907061,5
400,t5,1.0,0.12,0.12000000009279956,5
400,t5,1.0,0.16,0.15999999964991662,5
400,t5,1.0,0.2,0.20000000006199684,5
400,t5,0.0,0.04,0.04000000000732646,5
400,t5,0.0,0.08,0.08000000036890961,5
400,t5,0.0,0.12,0.1199999998073895,5
400,t5,0.0,0.16,0.15999999968312167,5
400,t5,0.0,0.2,0.20000000000384346,5
400,gaussian4,0.0,0.0,0.0,4
400,gaussian4,0.25,0.0,6.1546541600635655e-09,4
400,gaussian4,0.5,0.0,6.282334252750885e-09,4
400,gaussian4,0.75,0.0,7.236743327117963e-09,4
400,gaussian4,1.0,0.0,6.713301586905098e-09,4
400,gaussian4,1.0,0.04,0.03999999865117069,4
400,gaussian4,1.0,0.08,0.07999999914047269,4
400,gaussian4,1.0,0.12,0.120000003652385,4
400,gaussian4,1.0,0.16,0.16000000683399992,4
400,gaussian4,1.0,0.2,0.2000000163247602,4
400,gaussian4,0.0,0.04,0.03999999833831857,4
400,gaussian4,0.0,0.08,0.07999999905165091,4
400,gaussian4,0.0,0.12,0.12000000182245144,4
400,gaussian4,0.0,0.16,0.16000000528770073,4
400,gaussian4,0.0,0.2,0.20000001728345948,4
1600,t5,0.0,0.0,0.0,5
1600,t5,0.25,0.0,9.551410984968022e-12,5
1600,t5,0.5,0.0,6.891579650069237e-11,5
1600,t5,0.75,0.0,2.6875636289667383e-10,5
1600,t5,1.0,0.0,1.082989663106365e-10,5
1600,t5,1.0,0.02,0.01999999997826737,5
1600,t5,1.0,0.04,0.040000000001451264,5
1600,t5,1.0,0.06,0.06000000068252878,5
1600,t5,1.0,0.08,0.0800000003907061,5
1600,t5,1.0,0.1,0.09999999993469054,5
1600,t5,0.0,0.02,0.02000000000623722,5
1600,t5,0.0,0.04,0.04000000000732646,5
1600,t5,0.0,0.06,0.06000000034715069,5
1600,t5,0.0,0.08,0.08000000036890961,5
1600,t5,0.0,0.1,0.0999999998949005,5
1600,gaussian4,0.0,0.0,0.0,4
1600,gaussian4,0.25,0.0,6.1546541600635655e-09,4
1600,gaussian4,0.5,0.0,6.282334252750885e-09,4
1600,gaussian4,0.75,0.0,7.236743327117963e-09,4
1600,gaussian4,1.0,0.0,6.713301586905098e-09,4
1600,gaussian4,1.0,0.02,0.019999996389554037,4
1600,gaussian4,1.0,0.04,0.03999999865117069,4
1600,gaussian4,1.0,0.06,0.05999999789757419,4
1600,gaussian4,1.0,0.08,0.07999999914047269,4
1600,gaussian4,1.0,0.1,0.09999999930438351,4
1600,gaussian4,0.0,0.02,0.019999995840857817,4
1600,gaussian4,0.0,0.04,0.03999999833831857,4
1600,gaussian4,0.0,0.06,0.05999999914150226,4
1600,gaussian4,0.0,0.08,0.07999999905165091,4
1600,gaussian4,0.0,0.1,0.09999999990465724,4
