n,family,lam,D,reps,applicability,correct_cardinality,max_residual,mt_rej,mt_lo,mt_hi,mmd_rej,mmd_lo,mmd_hi,energy_rej,energy_lo,energy_hi,gec_rej,gec_lo,gec_hi
400,gaussian4,0.0,0.0,500,1.0,1.0,9.998009853925591e-07,0.062,0.044019209142681565,0.08665971310163822,0.056,0.03902562068315149,0.0797447936467069,0.054,0.03737435018105752,0.07742656151064709,0.06,0.0423483564809462,0.08436106312521979
400,gaussian4,0.0,0.04,500,1.0,1.0,9.999717075734956e-07,0.108,0.08372280963705037,0.13825467328480662,0.044,0.02923395562860718,0.06571944287232845,0.044,0.02923395562860718,0.06571944287232845,0.074,0.054161184751011976,0.10033475332223055
400,gaussian4,0.0,0.08,500,1.0,1.0,9.998759051031194e-07,0.226,0.191509780865554,0.2646683577073766,0.062,0.044019209142681565,0.08665971310163822,0.064,0.04569601604478943,0.08895240883768415,0.068,0.04906650742490687,0.0935209227338743
400,gaussian4,0.0,0.12,500,1.0,1.0,9.99961302896226e-07,0.452,0.4089073378092892,0.49582459887502,0.064,0.04569601604478943,0.08895240883768415,0.078,0.05758139347616159,0.10485354987338852,0.09,0.0679425478891394,0.11830941128933344
400,gaussian4,0.0,0.16,500,1.0,1.0,9.99857214357551e-07,0.696,0.6543133215963362,0.7346979369427353,0.064,0.04569601604478943,0.08895240883768415,0.08,0.059298129409852594,0.1071063165778513,0.2,0.16728549897175743,0.23728910530517394
400,gaussian4,0.0,0.2,500,1.0,1.0,9.996808572937316e-07,0.882,0.8507680121388806,0.9074069917484936,0.114,0.08903690099400285,0.1448490898423155,0.15,0.12137595769138819,0.18396108063169836,0.42,0.37750935127740226,0.4637105431964461
400,gaussian4,0.25,0.0,500,1.0,1.0,9.998475041926588e-07,0.062,0.044019209142681565,0.08665971310163822,0.216,0.18216774485419415,0.25416288052796754,0.218,0.18403372643598842,0.25626640158432706,0.06,0.0423483564809462,0.08436106312521979
400,gaussian4,0.5,0.0,500,1.0,1.0,9.999719066700635e-07,0.06,0.0423483564809462,0.08436106312521979,0.77,0.7311377813252322,0.8047450748255296,0.77,0.7311377813252322,0.8047450748255296,0.122,0.0961592783150937,0.15360472307383977
400,gaussian4,0.75,0.0,500,1.0,1.0,9.999737666097969e-07,0.064,0.04569601604478943,0.08895240883768415,0.982,0.9661483290912607,0.990501806703803,0.982,0.9661483290912607,0.990501806703803,0.372,0.3307607484885237,0.4151910826696337
400,gaussian4,1.0,0.0,500,1.0,1.0,9.998137320734047e-07,0.09,0.0679425478891394,0.11830941128933344,0.998,0.9887592932948532,0.9996468636054407,0.998,0.9887592932948532,0.9996468636054407,0.722,0.6811514003636959,0.7594633924713748
400,gaussian4,1.0,0.04,500,1.0,1.0,9.999668263772571e-07,0.118,0.09259300825150649,0.14923198786111944,1.0,0.9923756595384479,1.0,1.0,0.9923756595384479,1.0,0.734,0.6935922104844646,0.770839598179529
400,gaussian4,1.0,0.08,500,1.0,1.0,9.999679665115863e-07,0.22,0.18590093257162363,0.25836869808684565,1.0,0.9923756595384479,1.0,1.0,0.9923756595384479,1.0,0.744,0.7039870300464813,0.7802922918082812
400,gaussian4,1.0,0.12,500,1.0,1.0,9.999849240638903e-07,0.44,0.397111794441699,0.4838031264136874,1.0,0.9923756595384479,1.0,1.0,0.9923756595384479,1.0,0.828,0.7924525525008731,0.8585458801563487
400,gaussian4,1.0,0.16,500,1.0,1.0,9.996145761569184e-07,0.7,0.6584321959560773,0.7385180678593017,1.0,0.9923756595384479,1.0,1.0,0.9923756595384479,1.0,0.91,0.8816905887106666,0.9320574521108606
400,gaussian4,1.0,0.2,500,1.0,1.0,9.99970815716379e-07,0.906,0.8772354441374409,0.9285735914077787,1.0,0.9923756595384479,1.0,1.0,0.9923756595384479,1.0,0.942,0.917943812143745,0.9593162708882429
400,t5,0.0,0.0,500,0.998,0.998,9.999575886649133e-07,0.064,0.04569601604478943,0.08895240883768415,0.052,0.035730265115705276,0.07510114393784553,0.048,0.03246520694135317,0.07042719683589006,0.042,0.027632310108451703,0.06335158575433016
400,t5,0.0,0.04,500,0.998,0.998,9.998501518840693e-07,0.114,0.08903690099400285,0.1448490898423155,0.032,0.019791513626571118,0.051344869045441784,0.028,0.01675097472075645,0.04644640267494888,0.048,0.03246520694135317,0.07042719683589006
400,t5,0.0,0.08,500,0.998,0.998,9.999428389383805e-07,0.264,0.22726783141305193,0.3043308572848008,0.04,0.026040797389777257,0.060973595834850805,0.042,0.027632310108451703,0.06335158575433016,0.058,0.0406837291117572,0.08205618785625499
400,t5,0.0,0.12,500,1.0,1.0,9.992690236816776e-07,0.55,0.5061772177351765,0.5930603482186684,0.09,0.0679425478891394,0.11830941128933344,0.09,0.0679425478891394,0.11830941128933344,0.118,0.09259300825150649,0.14923198786111944
400,t5,0.0,0.16,500,1.0,1.0,9.998632394014213e-07,0.818,0.7817973646706083,0.8493535547958443,0.08,0.059298129409852594,0.1071063165778513,0.086,0.06447314240360771,0.11383981149855754,0.256,0.21970770819171886,0.2960129699535187
400,t5,0.0,0.2,500,0.996,0.996,9.999186816321583e-07,0.978,0.9610391387886836,0.9876719917300725,0.086,0.06447314240360771,0.11383981149855754,0.102,0.07843435210316954,0.13163462290422606,0.504,0.460312154390353,0.5476268508859545
400,t5,0.25,0.0,500,1.0,1.0,9.997227922802714e-07,0.072,0.0524580314181262,0.09806840401696253,0.25,0.21404849674782103,0.2897636734829552,0.246,0.2102809916856707,0.2855921732687978,0.058,0.0406837291117572,0.08205618785625499
400,t5,0.5,0.0,500,0.994,0.994,9.998015123905617e-07,0.052,0.035730265115705276,0.07510114393784553,0.688,0.6460861967117412,0.727047051274715,0.696,0.6543133215963362,0.7346979369427353,0.098,0.07492391886460623,0.12720605086648182
400,t5,0.75,0.0,500,0.994,0.994,9.998633561740987e-07,0.058,0.0406837291117572,0.08205618785625499,0.98,0.9635798167531208,0.9891008164037892,0.978,0.9610391387886836,0.9876719917300725,0.364,0.32301143591892645,0.4070623846866158
400,t5,1.0,0.0,500,1.0,1.0,9.999221687971894e-07,0.09,0.0679425478891394,0.11830941128933344,1.0,0.9923756595384479,1.0,1.0,0.9923756595384479,1.0,0.716,0.674944056876268,0.7537622280443413
400,t5,1.0,0.04,500,0.998,0.998,9.997065256393438e-07,0.132,0.10511672384831994,0.1644947907313825,1.0,0.9923756595384479,1.0,1.0,0.9923756595384479,1.0,0.768,0.7290425919653227,0.8028707615472854
400,t5,1.0,0.08,500,0.996,0.996,9.999253850632626e-07,0.252,0.21593384838137186,0.2918478244875581,0.996,0.9855342847848231,0.9989023694773173,0.996,0.9855342847848231,0.9989023694773173,0.784,0.7458371194720326,0.8178322551458059
400,t5,1.0,0.12,500,0.988,0.988,9.999133528345783e-07,0.516,0.4722414643366831,0.5595145567685472,1.0,0.9923756595384479,1.0,1.0,0.9923756595384479,1.0,0.876,0.8442125871122163,0.9020539088606966
400,t5,1.0,0.16,500,0.994,0.994,9.998621193958488e-07,0.8,0.7627108946948261,0.8327145010282427,0.998,0.9887592932948532,0.9996468636054407,1.0,0.9923756595384479,1.0,0.914,0.8861601885014425,0.9355268575963924
400,t5,1.0,0.2,500,0.99,0.99,9.999577156544693e-07,0.954,0.9319222072317267,0.9691548916291838,1.0,0.9923756595384479,1.0,1.0,0.9923756595384479,1.0,0.974,0.9560285091657758,0.9847436160766728
1600,gaussian4,0.0,0.0,500,1.0,1.0,9.999632343172392e-07,0.062,0.044019209142681565,0.08665971310163822,0.046,0.030845108370816204,0.06807779276827323,0.048,0.03246520694135317,0.07042719683589006,0.062,0.044019209142681565,0.08665971310163822
1600,gaussian4,0.0,0.02,500,1.0,1.0,9.999869888239648e-07,0.102,0.07843435210316954,0.13163462290422606,0.052,0.035730265115705276,0.07510114393784553,0.054,0.03737435018105752,0.07742656151064709,0.042,0.027632310108451703,0.06335158575433016
1600,gaussian4,0.0,0.04,500,1.0,1.0,9.999594331969986e-07,0.232,0.19712923845271468,0.2709574080346774,0.046,0.030845108370816204,0.06807779276827323,0.054,0.03737435018105752,0.07742656151064709,0.07,0.0507597429450181,0.09579718985191686
1600,gaussian4,0.0,0.06,500,1.0,1.0,9.99841559398481e-07,0.35,0.3094801731446609,0.39280712899380477,0.084,0.06274413680383038,0.1115993144601811,0.092,0.06968272368045207,0.12053873813617456,0.062,0.044019209142681565,0.08665971310163822
1600,gaussian4,0.0,0.08,500,1.0,1.0,9.992658119621723e-07,0.564,0.5202096875439772,0.6068143968769439,0.064,0.04569601604478943,0.08895240883768415,0.076,0.055869027037427826,0.10259641367396849,0.094,0.0714264085922213,0.12276455586255913
1600,gaussian4,0.0,0.1,500,1.0,1.0,9.999047650802479e-07,0.818,0.7817973646706083,0.8493535547958443,0.078,0.05758139347616159,0.10485354987338852,0.114,0.08903690099400285,0.1448490898423155,0.148,0.1195614053892054,0.18180613029572734
1600,gaussian4,0.25,0.0,500,1.0,1.0,9.999064822241225e-07,0.06,0.0423483564809462,0.08436106312521979,0.698,0.6563723120570819,0.7366084491201434,0.69,0.6481416618981787,0.7289610887264314,0.052,0.035730265115705276,0.07510114393784553
1600,gaussian4,0.5,0.0,500,1.0,1.0,9.999146173924144e-07,0.06,0.0423483564809462,0.08436106312521979,1.0,0.9923756595384479,1.0,1.0,0.9923756595384479,1.0,0.298,0.2595732118784324,0.3395070216680347
1600,gaussian4,0.75,0.0,500,1.0,1.0,9.999813529741811e-07,0.054,0.03737435018105752,0.07742656151064709,1.0,0.9923756595384479,1.0,1.0,0.9923756595384479,1.0,0.784,0.7458371194720326,0.8178322551458059
1600,gaussian4,1.0,0.0,500,1.0,1.0,9.999455173078874e-07,0.056,0.03902562068315149,0.0797447936467069,1.0,0.9923756595384479,1.0,1.0,0.9923756595384479,1.0,0.998,0.9887592932948532,0.9996468636054407
1600,gaussian4,1.0,0.02,500,1.0,1.0,9.999451770372483e-07,0.064,0.04569601604478943,0.08895240883768415,1.0,0.9923756595384479,1.0,1.0,0.9923756595384479,1.0,0.998,0.9887592932948532,0.9996468636054407
1600,gaussian4,1.0,0.04,500,1.0,1.0,9.998227228497803e-07,0.162,0.13230178838983928,0.19685226576217005,1.0,0.9923756595384479,1.0,1.0,0.9923756595384479,1.0,1.0,0.9923756595384479,1.0
1600,gaussian4,1.0,0.06,500,1.0,1.0,9.998267512573922e-07,0.32,0.28061775068949024,0.3621270118766686,1.0,0.9923756595384479,1.0,1.0,0.9923756595384479,1.0,0.998,0.9887592932948532,0.9996468636054407
1600,gaussian4,1.0,0.08,500,1.0,1.0,9.996283922008745e-07,0.584,0.5403165775956056,0.6264025332068537,1.0,0.9923756595384479,1.0,1.0,0.9923756595384479,1.0,1.0,0.9923756595384479,1.0
1600,gaussian4,1.0,0.1,500,1.0,1.0,9.998507521176768e-07,0.806,0.7690603702807669,0.8382735333567634,1.0,0.9923756595384479,1.0,1.0,0.9923756595384479,1.0,1.0,0.9923756595384479,1.0
1600,t5,0.0,0.0,500,0.998,0.998,9.996869833947917e-07,0.062,0.044019209142681565,0.08665971310163822,0.054,0.03737435018105752,0.07742656151064709,0.054,0.03737435018105752,0.07742656151064709,0.036,0.02289106098029272,0.056184326968027755
1600,t5,0.0,0.02,500,0.998,0.998,9.99979202670161e-07,0.112,0.08726280019410226,0.1426536880040623,0.074,0.054161184751011976,0.10033475332223055,0.068,0.04906650742490687,0.0935209227338743,0.06,0.0423483564809462,0.08436106312521979
1600,t5,0.0,0.04,500,0.996,0.996,9.999172486202808e-07,0.226,0.191509780865554,0.2646683577073766,0.058,0.0406837291117572,0.08205618785625499,0.052,0.035730265115705276,0.07510114393784553,0.06,0.0423483564809462,0.08436106312521979
1600,t5,0.0,0.06,500,0.998,0.998,9.994422848518797e-07,0.464,0.42072818700752684,0.5078207655057051,0.054,0.03737435018105752,0.07742656151064709,0.054,0.03737435018105752,0.07742656151064709,0.062,0.044019209142681565,0.08665971310163822
1600,t5,0.0,0.08,500,1.0,1.0,9.99893504669726e-07,0.794,0.7563735290819746,0.8271433587266328,0.084,0.06274413680383038,0.1115993144601811,0.096,0.07317350466541904,0.12498696242751521,0.112,0.08726280019410226,0.1426536880040623
1600,t5,0.0,0.1,500,1.0,1.0,9.999044303662017e-07,0.95,0.9272318388284524,0.9659062547561506,0.104,0.08019420676989107,0.1338442708756583,0.112,0.08726280019410226,0.1426536880040623,0.196,0.16357810661426447,0.2330574923863593
1600,t5,0.25,0.0,500,1.0,1.0,9.998689567129855e-07,0.066,0.04737852635977387,0.09123940116085351,0.644,0.601078749973113,0.68472543997396,0.656,0.6133141713377337,0.696307034438262,0.07,0.0507597429450181,0.09579718985191686
1600,t5,0.5,0.0,500,1.0,1.0,9.9989474912386e-07,0.076,0.055869027037427826,0.10259641367396849,0.998,0.9887592932948532,0.9996468636054407,0.998,0.9887592932948532,0.9996468636054407,0.262,0.22537626941723765,0.30225291664246134
1600,t5,0.75,0.0,500,1.0,1.0,9.997788017098812e-07,0.066,0.04737852635977387,0.09123940116085351,1.0,0.9923756595384479,1.0,1.0,0.9923756595384479,1.0,0.854,0.8203507337796904,0.8822512331735307
1600,t5,1.0,0.0,500,1.0,1.0,9.99433945486255e-07,0.048,0.03246520694135317,0.07042719683589006,1.0,0.9923756595384479,1.0,1.0,0.9923756595384479,1.0,1.0,0.9923756595384479,1.0
1600,t5,1.0,0.02,500,1.0,1.0,9.997710288154734e-07,0.086,0.06447314240360771,0.11383981149855754,1.0,0.9923756595384479,1.0,1.0,0.9923756595384479,1.0,0.998,0.9887592932948532,0.9996468636054407
1600,t5,1.0,0.04,500,1.0,1.0,9.999930587779351e-07,0.208,0.17471631170962926,0.24573630311991723,1.0,0.9923756595384479,1.0,1.0,0.9923756595384479,1.0,1.0,0.9923756595384479,1.0
1600,t5,1.0,0.06,500,1.0,1.0,9.996013021396685e-07,0.474,0.43059811407349635,0.5177983516305045,1.0,0.9923756595384479,1.0,1.0,0.9923756595384479,1.0,1.0,0.9923756595384479,1.0
1600,t5,1.0,0.08,500,1.0,1.0,9.99872438809808e-07,0.73,0.6894413425907917,0.7670514607968943,1.0,0.9923756595384479,1.0,1.0,0.9923756595384479,1.0,1.0,0.9923756595384479,1.0
1600,t5,1.0,0.1,500,1.0,1.0,9.999761500198312e-07,0.932,0.9064790772661258,0.9509334925750932,1.0,0.9923756595384479,1.0,1.0,0.9923756595384479,1.0,1.0,0.9923756595384479,1.0
